2026-05-27 11:31:50 | DEBUG | P03 | No variables found in .env
2026-05-27 11:31:50 | INFO | P03 | === RUN START ===
2026-05-27 11:31:50 | INFO | P03 | project=P03
2026-05-27 11:31:50 | INFO | P03 | repo_dir=streaming-03-analytics
2026-05-27 11:31:50 | INFO | P03 | python=3.14.2
2026-05-27 11:31:50 | INFO | P03 | os=Windows 11
2026-05-27 11:31:50 | INFO | P03 | shell=powershell
2026-05-27 11:31:50 | INFO | P03 | cwd=.
2026-05-27 11:31:50 | INFO | P03 | github_actions=False
2026-05-27 11:31:50 | INFO | P03 | ========================
2026-05-27 11:31:50 | INFO | P03 | START producer main()
2026-05-27 11:31:50 | INFO | P03 | ========================
2026-05-27 11:31:50 | INFO | P03 | ROOT_DIR = .
2026-05-27 11:31:50 | INFO | P03 | DATA_DIR = data
2026-05-27 11:31:50 | INFO | P03 | SALES_CSV = data\sales.csv
2026-05-27 11:31:50 | INFO | P03 | REGIONS_CSV = data\regions.csv
2026-05-27 11:31:50 | INFO | P03 | PRODUCTS_CSV = data\products.csv
2026-05-27 11:31:50 | INFO | P03 | REJECTED_SALES_CSV = data\output\producer_rejected_sales.csv
2026-05-27 11:31:50 | INFO | P03 | ========================
2026-05-27 11:31:50 | INFO | P03 | SECTION A. Acquire
2026-05-27 11:31:50 | INFO | P03 | ========================
2026-05-27 11:31:50 | INFO | P03 | Loading settings from .env...
2026-05-27 11:31:50 | INFO | P03 | KAFKA_BOOTSTRAP_SERVERS           = localhost:9092
2026-05-27 11:31:50 | INFO | P03 | KAFKA_TOPIC                       = product-sales-case
2026-05-27 11:31:50 | INFO | P03 | PRODUCER_MESSAGE_COUNT            = 6
2026-05-27 11:31:50 | INFO | P03 | PRODUCER_MESSAGE_INTERVAL_SECONDS = 2.0
2026-05-27 11:31:50 | INFO | P03 | KAFKA_CLEAR_TOPIC_ON_START        = False
2026-05-27 11:31:50 | INFO | P03 | Verifying Kafka connection...
2026-05-27 11:31:50 | INFO | P03 | Kafka port is reachable.
2026-05-27 11:31:55 | INFO | P03 | Loading validation reference data...
2026-05-27 11:31:55 | INFO | P03 | Found 6 valid regions, 
2026-05-27 11:31:55 | INFO | P03 | 6 valid products.
2026-05-27 11:31:55 | INFO | P03 | ========================
2026-05-27 11:31:55 | INFO | P03 | SECTION P. Produce Messages
2026-05-27 11:31:55 | INFO | P03 | ========================
2026-05-27 11:31:55 | INFO | P03 | Initializing output...
2026-05-27 11:31:55 | INFO | P03 | Output directory ready: output
2026-05-27 11:31:55 | INFO | P03 | Sending messages...
2026-05-27 11:31:55 | INFO | P03 | Sending up to 6 message(s) to topic 'product-sales-case'.
2026-05-27 11:31:55 | INFO | P03 | Watch each sale arrive. Press CTRL+C to stop early.

2026-05-27 11:31:55 | INFO | P03 | {
  order_id: e7324981-a9f0-419f-b708-d0a333451fff
  datetime: 2026-05-04T08:11:00Z
  region_id: US-TX
  currency_code: USD
  product_id: PY-STREAM-005
  unit_price: 59.99
  quantity: 3
  is_online: true
  customer_id: CUST-4150
  is_new_customer: false
  device_type: tablet
  payment_method: paypal
  referral_source: paid_search
  discount_code: 
  customer_note: Gift for my team
}
2026-05-27 11:31:55 | INFO | P03 |   Sending message with key=US-TX
2026-05-27 11:32:00 | ERROR | P03 | !!!!!!!!!!!!!!!!!!!!!!!!!!!!!!!!!
The message was generated, but Kafka did not accept it.
Kafka did not confirm message delivery.
Details:
    KafkaError{code=_MSG_TIMED_OUT,val=-192,str="Local: Message timed out"}

CHECK:
1. Confirm Kafka is running.
2. Confirm the topic exists.
3. Confirm the broker is reachable at localhost:9092.
4. Try MANAGE_TOPIC.md to verify Kafka independently of Python.
!!!!!!!!!!!!!!!!!!!!!!!!!!!!!!!!!
2026-05-27 11:32:00 | ERROR | P03 | Producer stopped before completing all messages.
2026-05-27 11:32:57 | DEBUG | C03 | No variables found in .env
2026-05-27 11:32:57 | DEBUG | P03 | No variables found in .env
2026-05-27 11:39:36 | DEBUG | P03 | No variables found in .env
2026-05-27 11:39:36 | INFO | P03 | === RUN START ===
2026-05-27 11:39:36 | INFO | P03 | project=P03
2026-05-27 11:39:36 | INFO | P03 | repo_dir=streaming-03-analytics
2026-05-27 11:39:36 | INFO | P03 | python=3.14.2
2026-05-27 11:39:36 | INFO | P03 | os=Windows 11
2026-05-27 11:39:36 | INFO | P03 | shell=powershell
2026-05-27 11:39:36 | INFO | P03 | cwd=.
2026-05-27 11:39:36 | INFO | P03 | github_actions=False
2026-05-27 11:39:36 | INFO | P03 | ========================
2026-05-27 11:39:36 | INFO | P03 | START producer main()
2026-05-27 11:39:36 | INFO | P03 | ========================
2026-05-27 11:39:36 | INFO | P03 | ROOT_DIR = .
2026-05-27 11:39:36 | INFO | P03 | DATA_DIR = data
2026-05-27 11:39:36 | INFO | P03 | SALES_CSV = data\sales.csv
2026-05-27 11:39:36 | INFO | P03 | REGIONS_CSV = data\regions.csv
2026-05-27 11:39:36 | INFO | P03 | PRODUCTS_CSV = data\products.csv
2026-05-27 11:39:36 | INFO | P03 | REJECTED_SALES_CSV = data\output\producer_rejected_sales.csv
2026-05-27 11:39:36 | INFO | P03 | ========================
2026-05-27 11:39:36 | INFO | P03 | SECTION A. Acquire
2026-05-27 11:39:36 | INFO | P03 | ========================
2026-05-27 11:39:36 | INFO | P03 | Loading settings from .env...
2026-05-27 11:39:36 | INFO | P03 | KAFKA_BOOTSTRAP_SERVERS           = localhost:9092
2026-05-27 11:39:36 | INFO | P03 | KAFKA_TOPIC                       = product-sales-case
2026-05-27 11:39:36 | INFO | P03 | PRODUCER_MESSAGE_COUNT            = 6
2026-05-27 11:39:36 | INFO | P03 | PRODUCER_MESSAGE_INTERVAL_SECONDS = 2.0
2026-05-27 11:39:36 | INFO | P03 | KAFKA_CLEAR_TOPIC_ON_START        = False
2026-05-27 11:39:36 | INFO | P03 | Verifying Kafka connection...
2026-05-27 11:39:36 | INFO | P03 | Kafka port is reachable.
2026-05-27 11:39:39 | INFO | P03 | Loading validation reference data...
2026-05-27 11:39:39 | INFO | P03 | Found 6 valid regions, 
2026-05-27 11:39:39 | INFO | P03 | 6 valid products.
2026-05-27 11:39:39 | INFO | P03 | ========================
2026-05-27 11:39:39 | INFO | P03 | SECTION P. Produce Messages
2026-05-27 11:39:39 | INFO | P03 | ========================
2026-05-27 11:39:39 | INFO | P03 | Initializing output...
2026-05-27 11:39:39 | INFO | P03 | Output directory ready: output
2026-05-27 11:39:39 | INFO | P03 | Sending messages...
2026-05-27 11:39:39 | INFO | P03 | Sending up to 6 message(s) to topic 'product-sales-case'.
2026-05-27 11:39:39 | INFO | P03 | Watch each sale arrive. Press CTRL+C to stop early.

2026-05-27 11:39:39 | INFO | P03 | {
  order_id: e7324981-a9f0-419f-b708-d0a333451fff
  datetime: 2026-05-04T08:11:00Z
  region_id: US-TX
  currency_code: USD
  product_id: PY-STREAM-005
  unit_price: 59.99
  quantity: 3
  is_online: true
  customer_id: CUST-4150
  is_new_customer: false
  device_type: tablet
  payment_method: paypal
  referral_source: paid_search
  discount_code: 
  customer_note: Gift for my team
}
2026-05-27 11:39:39 | INFO | P03 |   Sending message with key=US-TX
2026-05-27 11:39:39 | INFO | P03 |   MESSAGE SENT  sent=1
2026-05-27 11:39:41 | INFO | P03 | {
  order_id: d61943e0-f543-4b5f-9c9a-18605ea4cfe5
  datetime: 2026-05-04T08:23:00Z
  region_id: US-TX
  currency_code: USD
  product_id: PY-DATA-002
  unit_price: 49.99
  quantity: 1
  is_online: true
  customer_id: CUST-1106
  is_new_customer: false
  device_type: mobile
  payment_method: paypal
  referral_source: paid_search
  discount_code: 
  customer_note: Gift for my team
}
2026-05-27 11:39:41 | INFO | P03 |   Sending message with key=US-TX
2026-05-27 11:39:41 | INFO | P03 |   MESSAGE SENT  sent=2
2026-05-27 11:39:43 | INFO | P03 | {
  order_id: 14da1915-8e74-47be-9e10-f7275d31af46
  datetime: 2026-05-04T08:28:00Z
  region_id: CA-QC
  currency_code: CAD
  product_id: PY-NLP-006
  unit_price: 54.99
  quantity: 1
  is_online: true
  customer_id: CUST-2133
  is_new_customer: false
  device_type: desktop
  payment_method: paypal
  referral_source: organic
  discount_code: 
  customer_note: Learning at my own pace
}
2026-05-27 11:39:43 | INFO | P03 |   Sending message with key=CA-QC
2026-05-27 11:39:43 | INFO | P03 |   MESSAGE SENT  sent=3
2026-05-27 11:39:45 | INFO | P03 | {
  order_id: d77ed935-9b28-431d-bc25-0a3fd98f4154
  datetime: 2026-05-04T08:40:00Z
  region_id: US-CA
  currency_code: USD
  product_id: PY-STREAM-005
  unit_price: 59.99
  quantity: 1
  is_online: true
  customer_id: CUST-5333
  is_new_customer: false
  device_type: mobile
  payment_method: paypal
  referral_source: organic
  discount_code: 
  customer_note: Highly recommend
}
2026-05-27 11:39:45 | INFO | P03 |   Sending message with key=US-CA
2026-05-27 11:39:45 | INFO | P03 |   MESSAGE SENT  sent=4
2026-05-27 11:39:47 | INFO | P03 | {
  order_id: 24b91995-25f8-4ad7-8fa6-2e4c15750e5e
  datetime: 2026-05-04T08:41:00Z
  region_id: US-MO
  currency_code: USD
  product_id: PY-VIZ-003
  unit_price: 39.99
  quantity: 1
  is_online: true
  customer_id: CUST-8573
  is_new_customer: false
  device_type: mobile
  payment_method: apple_pay
  referral_source: paid_search
  discount_code: 
  customer_note: Learning at my own pace
}
2026-05-27 11:39:47 | INFO | P03 |   Sending message with key=US-MO
2026-05-27 11:39:47 | INFO | P03 |   MESSAGE SENT  sent=5
2026-05-27 11:39:49 | INFO | P03 | {
  order_id: 1ec0fc8b-998c-4f43-8a66-19e1fa7d5fa8
  datetime: 2026-05-04T08:54:00Z
  region_id: CA-ON
  currency_code: CAD
  product_id: PY-SQL-004
  unit_price: 44.99
  quantity: 1
  is_online: true
  customer_id: CUST-8062
  is_new_customer: false
  device_type: tablet
  payment_method: paypal
  referral_source: organic
  discount_code: 
  customer_note: 
}
2026-05-27 11:39:49 | INFO | P03 |   Sending message with key=CA-ON
2026-05-27 11:39:49 | INFO | P03 |   MESSAGE SENT  sent=6
2026-05-27 11:39:51 | INFO | P03 | Checking for rejected records...
2026-05-27 11:39:51 | INFO | P03 |   No records rejected.
2026-05-27 11:39:51 | INFO | P03 | ========================
2026-05-27 11:39:51 | INFO | P03 | SECTION E. Exit
2026-05-27 11:39:51 | INFO | P03 | ========================
2026-05-27 11:39:51 | INFO | P03 | Summary:
2026-05-27 11:39:51 | INFO | P03 | Sent 6 message(s) to topic 'product-sales-case'.
2026-05-27 11:39:51 | INFO | P03 | Rejected 0 message(s).
2026-05-27 11:39:51 | INFO | P03 | ========================
2026-05-27 11:39:51 | INFO | P03 | Producer executed successfully!
2026-05-27 11:39:51 | INFO | P03 | ========================
2026-05-27 11:41:14 | DEBUG | C03 | No variables found in .env
2026-05-27 11:41:14 | INFO | C03 | === RUN START ===
2026-05-27 11:41:14 | INFO | C03 | project=C03
2026-05-27 11:41:14 | INFO | C03 | repo_dir=streaming-03-analytics
2026-05-27 11:41:14 | INFO | C03 | python=3.14.2
2026-05-27 11:41:15 | INFO | C03 | os=Windows 11
2026-05-27 11:41:15 | INFO | C03 | shell=powershell
2026-05-27 11:41:15 | INFO | C03 | cwd=.
2026-05-27 11:41:15 | INFO | C03 | github_actions=False
2026-05-27 11:41:15 | INFO | C03 | ========================
2026-05-27 11:41:15 | INFO | C03 | START consumer main()
2026-05-27 11:41:15 | INFO | C03 | ========================
2026-05-27 11:41:15 | INFO | C03 | ROOT_DIR = .
2026-05-27 11:41:15 | INFO | C03 | DATA_DIR = data
2026-05-27 11:41:15 | INFO | C03 | OUTPUT_CSV = data\output\consumed_sales.csv
2026-05-27 11:41:15 | INFO | C03 | REGIONS_CSV = data\regions.csv
2026-05-27 11:41:15 | INFO | C03 | PRODUCTS_CSV = data\products.csv
2026-05-27 11:41:15 | INFO | C03 | CURRENCIES_CSV = data\currencies.csv
2026-05-27 11:41:15 | INFO | C03 | DISCOUNT_CODES_CSV = data\discount_codes.csv
2026-05-27 11:41:15 | INFO | C03 | ========================
2026-05-27 11:41:15 | INFO | C03 | SECTION A. Acquire
2026-05-27 11:41:15 | INFO | C03 | ========================
2026-05-27 11:41:15 | INFO | C03 | Loading settings from .env...
2026-05-27 11:41:15 | INFO | C03 | KAFKA_BOOTSTRAP_SERVERS  = localhost:9092
2026-05-27 11:41:15 | INFO | C03 | KAFKA_TOPIC              = product-sales-case
2026-05-27 11:41:15 | INFO | C03 | KAFKA_GROUP_ID           = streaming-consumer-group-A
2026-05-27 11:41:15 | INFO | C03 | CONSUMER_TIMEOUT_SECONDS = 10.0
2026-05-27 11:41:15 | INFO | C03 | CONSUMER_MAX_MESSAGES    = 1000
2026-05-27 11:41:15 | INFO | C03 | Verifying Kafka connection...
2026-05-27 11:41:15 | INFO | C03 | Kafka port is reachable.
2026-05-27 11:41:15 | INFO | C03 | Verifying Kafka topic...
2026-05-27 11:41:15 | INFO | C03 | Topic 'product-sales-case' exists.
2026-05-27 11:41:17 | INFO | C03 | Found 6 message(s) available.
2026-05-27 11:41:17 | INFO | C03 | Creating Kafka consumer...
2026-05-27 11:41:17 | INFO | C03 | Subscribed to topic: 'product-sales-case' (reading from beginning)
2026-05-27 11:41:17 | INFO | C03 | ========================
2026-05-27 11:41:17 | INFO | C03 | SECTION C. Consume and Process Messages
2026-05-27 11:41:17 | INFO | C03 | ========================
2026-05-27 11:41:17 | INFO | C03 | Initializing output...
2026-05-27 11:41:17 | INFO | C03 | Output CSV cleared: consumed_sales.csv
2026-05-27 11:41:17 | INFO | C03 | Loading enrichment reference data...
2026-05-27 11:41:17 | INFO | C03 | Found 6 region tax rates.
2026-05-27 11:41:17 | INFO | C03 | Consuming messages...
2026-05-27 11:41:17 | INFO | C03 | Waiting for up to 1000 message(s).
2026-05-27 11:41:17 | INFO | C03 | Press CTRL+C to stop early.

2026-05-27 11:41:27 | INFO | C03 | {'currency_code': 'USD', 'customer_id': 'CUST-4150', 'customer_note': 'Gift for my team', 'datetime': '2026-05-04T08:11:00Z', 'device_type': 'tablet', 'discount_code': '', 'is_new_customer': 'false', 'is_online': 'true', 'order_id': 'e7324981-a9f0-419f-b708-d0a333451fff', 'payment_method': 'paypal', 'product_id': 'PY-STREAM-005', 'quantity': '3', 'referral_source': 'paid_search', 'region_id': 'US-TX', 'unit_price': '59.99', '_kafka_key': 'US-TX', '_kafka_partition': 0, '_kafka_offset': 0}
2026-05-27 11:41:27 | INFO | C03 | subtotal=179.97
2026-05-27 11:41:27 | INFO | C03 | tax=14.85
2026-05-27 11:41:27 | INFO | C03 | total=194.82
2026-05-27 11:41:27 | INFO | C03 | running_total=194.82
2026-05-27 11:41:27 | INFO | C03 | MESSAGE ACCEPTED
2026-05-27 11:41:27 | INFO | C03 | order=e7324981-a9f0-419f-b708-d0a333451fff
2026-05-27 11:41:27 | INFO | C03 | total=$194.82
2026-05-27 11:41:27 | INFO | C03 | consumed=1
2026-05-27 11:41:27 | INFO | C03 | RUNNING STATS
2026-05-27 11:41:27 | INFO | C03 | total_sales=$194.82
2026-05-27 11:41:27 | INFO | C03 | average=$194.82
2026-05-27 11:41:27 | INFO | C03 | min=$194.82
2026-05-27 11:41:27 | INFO | C03 | max=$194.82
2026-05-27 11:41:27 | INFO | C03 | {'currency_code': 'USD', 'customer_id': 'CUST-1106', 'customer_note': 'Gift for my team', 'datetime': '2026-05-04T08:23:00Z', 'device_type': 'mobile', 'discount_code': '', 'is_new_customer': 'false', 'is_online': 'true', 'order_id': 'd61943e0-f543-4b5f-9c9a-18605ea4cfe5', 'payment_method': 'paypal', 'product_id': 'PY-DATA-002', 'quantity': '1', 'referral_source': 'paid_search', 'region_id': 'US-TX', 'unit_price': '49.99', '_kafka_key': 'US-TX', '_kafka_partition': 0, '_kafka_offset': 1}
2026-05-27 11:41:27 | INFO | C03 | subtotal=49.99
2026-05-27 11:41:27 | INFO | C03 | tax=4.12
2026-05-27 11:41:27 | INFO | C03 | total=54.11
2026-05-27 11:41:27 | INFO | C03 | running_total=248.93
2026-05-27 11:41:27 | INFO | C03 | MESSAGE ACCEPTED
2026-05-27 11:41:27 | INFO | C03 | order=d61943e0-f543-4b5f-9c9a-18605ea4cfe5
2026-05-27 11:41:27 | INFO | C03 | total=$54.11
2026-05-27 11:41:27 | INFO | C03 | consumed=2
2026-05-27 11:41:27 | INFO | C03 | RUNNING STATS
2026-05-27 11:41:27 | INFO | C03 | total_sales=$248.93
2026-05-27 11:41:27 | INFO | C03 | average=$124.47
2026-05-27 11:41:27 | INFO | C03 | min=$54.11
2026-05-27 11:41:27 | INFO | C03 | max=$194.82
2026-05-27 11:41:27 | INFO | C03 | {'currency_code': 'CAD', 'customer_id': 'CUST-2133', 'customer_note': 'Learning at my own pace', 'datetime': '2026-05-04T08:28:00Z', 'device_type': 'desktop', 'discount_code': '', 'is_new_customer': 'false', 'is_online': 'true', 'order_id': '14da1915-8e74-47be-9e10-f7275d31af46', 'payment_method': 'paypal', 'product_id': 'PY-NLP-006', 'quantity': '1', 'referral_source': 'organic', 'region_id': 'CA-QC', 'unit_price': '54.99', '_kafka_key': 'CA-QC', '_kafka_partition': 0, '_kafka_offset': 2}
2026-05-27 11:41:27 | INFO | C03 | subtotal=54.99
2026-05-27 11:41:27 | INFO | C03 | tax=8.23
2026-05-27 11:41:27 | INFO | C03 | total=63.22
2026-05-27 11:41:27 | INFO | C03 | running_total=312.15
2026-05-27 11:41:27 | INFO | C03 | MESSAGE ACCEPTED
2026-05-27 11:41:27 | INFO | C03 | order=14da1915-8e74-47be-9e10-f7275d31af46
2026-05-27 11:41:27 | INFO | C03 | total=$63.22
2026-05-27 11:41:27 | INFO | C03 | consumed=3
2026-05-27 11:41:27 | INFO | C03 | RUNNING STATS
2026-05-27 11:41:27 | INFO | C03 | total_sales=$312.15
2026-05-27 11:41:27 | INFO | C03 | average=$104.05
2026-05-27 11:41:27 | INFO | C03 | min=$54.11
2026-05-27 11:41:27 | INFO | C03 | max=$194.82
2026-05-27 11:41:27 | INFO | C03 | {'currency_code': 'USD', 'customer_id': 'CUST-5333', 'customer_note': 'Highly recommend', 'datetime': '2026-05-04T08:40:00Z', 'device_type': 'mobile', 'discount_code': '', 'is_new_customer': 'false', 'is_online': 'true', 'order_id': 'd77ed935-9b28-431d-bc25-0a3fd98f4154', 'payment_method': 'paypal', 'product_id': 'PY-STREAM-005', 'quantity': '1', 'referral_source': 'organic', 'region_id': 'US-CA', 'unit_price': '59.99', '_kafka_key': 'US-CA', '_kafka_partition': 0, '_kafka_offset': 3}
2026-05-27 11:41:27 | INFO | C03 | subtotal=59.99
2026-05-27 11:41:27 | INFO | C03 | tax=5.7
2026-05-27 11:41:27 | INFO | C03 | total=65.69
2026-05-27 11:41:27 | INFO | C03 | running_total=377.84
2026-05-27 11:41:27 | INFO | C03 | MESSAGE ACCEPTED
2026-05-27 11:41:27 | INFO | C03 | order=d77ed935-9b28-431d-bc25-0a3fd98f4154
2026-05-27 11:41:27 | INFO | C03 | total=$65.69
2026-05-27 11:41:27 | INFO | C03 | consumed=4
2026-05-27 11:41:27 | INFO | C03 | RUNNING STATS
2026-05-27 11:41:27 | INFO | C03 | total_sales=$377.84
2026-05-27 11:41:27 | INFO | C03 | average=$94.46
2026-05-27 11:41:27 | INFO | C03 | min=$54.11
2026-05-27 11:41:27 | INFO | C03 | max=$194.82
2026-05-27 11:41:27 | INFO | C03 | {'currency_code': 'USD', 'customer_id': 'CUST-8573', 'customer_note': 'Learning at my own pace', 'datetime': '2026-05-04T08:41:00Z', 'device_type': 'mobile', 'discount_code': '', 'is_new_customer': 'false', 'is_online': 'true', 'order_id': '24b91995-25f8-4ad7-8fa6-2e4c15750e5e', 'payment_method': 'apple_pay', 'product_id': 'PY-VIZ-003', 'quantity': '1', 'referral_source': 'paid_search', 'region_id': 'US-MO', 'unit_price': '39.99', '_kafka_key': 'US-MO', '_kafka_partition': 0, '_kafka_offset': 4}
2026-05-27 11:41:27 | INFO | C03 | subtotal=39.99
2026-05-27 11:41:27 | INFO | C03 | tax=3.2
2026-05-27 11:41:27 | INFO | C03 | total=43.19
2026-05-27 11:41:27 | INFO | C03 | running_total=421.03
2026-05-27 11:41:27 | INFO | C03 | MESSAGE ACCEPTED
2026-05-27 11:41:27 | INFO | C03 | order=24b91995-25f8-4ad7-8fa6-2e4c15750e5e
2026-05-27 11:41:27 | INFO | C03 | total=$43.19
2026-05-27 11:41:27 | INFO | C03 | consumed=5
2026-05-27 11:41:27 | INFO | C03 | RUNNING STATS
2026-05-27 11:41:27 | INFO | C03 | total_sales=$421.03
2026-05-27 11:41:27 | INFO | C03 | average=$84.21
2026-05-27 11:41:27 | INFO | C03 | min=$43.19
2026-05-27 11:41:27 | INFO | C03 | max=$194.82
2026-05-27 11:41:27 | INFO | C03 | {'currency_code': 'CAD', 'customer_id': 'CUST-8062', 'customer_note': '', 'datetime': '2026-05-04T08:54:00Z', 'device_type': 'tablet', 'discount_code': '', 'is_new_customer': 'false', 'is_online': 'true', 'order_id': '1ec0fc8b-998c-4f43-8a66-19e1fa7d5fa8', 'payment_method': 'paypal', 'product_id': 'PY-SQL-004', 'quantity': '1', 'referral_source': 'organic', 'region_id': 'CA-ON', 'unit_price': '44.99', '_kafka_key': 'CA-ON', '_kafka_partition': 0, '_kafka_offset': 5}
2026-05-27 11:41:27 | INFO | C03 | subtotal=44.99
2026-05-27 11:41:27 | INFO | C03 | tax=5.85
2026-05-27 11:41:27 | INFO | C03 | total=50.84
2026-05-27 11:41:27 | INFO | C03 | running_total=471.87
2026-05-27 11:41:27 | INFO | C03 | MESSAGE ACCEPTED
2026-05-27 11:41:27 | INFO | C03 | order=1ec0fc8b-998c-4f43-8a66-19e1fa7d5fa8
2026-05-27 11:41:27 | INFO | C03 | total=$50.84
2026-05-27 11:41:27 | INFO | C03 | consumed=6
2026-05-27 11:41:27 | INFO | C03 | RUNNING STATS
2026-05-27 11:41:27 | INFO | C03 | total_sales=$471.87
2026-05-27 11:41:27 | INFO | C03 | average=$78.64
2026-05-27 11:41:27 | INFO | C03 | min=$43.19
2026-05-27 11:41:27 | INFO | C03 | max=$194.82
2026-05-27 11:41:37 | INFO | C03 | No message received within 10.0s timeout.
2026-05-27 11:41:37 | INFO | C03 | Producer finished or paused. Stopping consumer.
2026-05-27 11:41:37 | INFO | C03 | Kafka consumer closed.
2026-05-27 11:41:37 | INFO | C03 | ========================
2026-05-27 11:41:37 | INFO | C03 | SECTION E. Exit
2026-05-27 11:41:37 | INFO | C03 | ========================
2026-05-27 11:41:37 | INFO | C03 | Summary:
2026-05-27 11:41:37 | INFO | C03 | Consumed 6 message(s) from topic 'product-sales-case'.
2026-05-27 11:41:37 | INFO | C03 | Skipped  0 message(s).
2026-05-27 11:41:37 | INFO | C03 | OUTPUT_CSV = data\output\consumed_sales.csv
2026-05-27 11:41:37 | INFO | C03 |   Total sales:  $471.87
2026-05-27 11:41:37 | INFO | C03 |   Average sale: $78.64
2026-05-27 11:41:37 | INFO | C03 |   Minimum sale: $43.19
2026-05-27 11:41:37 | INFO | C03 |   Maximum sale: $194.82
2026-05-27 11:41:37 | INFO | C03 | ========================
2026-05-27 11:41:37 | INFO | C03 | Consumer executed successfully!
2026-05-27 11:41:37 | INFO | C03 | ========================
2026-05-28 09:38:49 | DEBUG | C03 | No variables found in .env
2026-05-28 09:38:49 | INFO | C03 | === RUN START ===
2026-05-28 09:38:49 | INFO | C03 | project=C03
2026-05-28 09:38:49 | INFO | C03 | repo_dir=streaming-03-analytics
2026-05-28 09:38:49 | INFO | C03 | python=3.14.2
2026-05-28 09:38:49 | INFO | C03 | os=Windows 11
2026-05-28 09:38:49 | INFO | C03 | shell=powershell
2026-05-28 09:38:49 | INFO | C03 | cwd=.
2026-05-28 09:38:49 | INFO | C03 | github_actions=False
2026-05-28 09:38:49 | INFO | C03 | ========================
2026-05-28 09:38:49 | INFO | C03 | START consumer main()
2026-05-28 09:38:49 | INFO | C03 | ========================
2026-05-28 09:38:49 | INFO | C03 | ROOT_DIR = .
2026-05-28 09:38:49 | INFO | C03 | DATA_DIR = data
2026-05-28 09:38:49 | INFO | C03 | OUTPUT_CSV = data\output\consumed_sales_dawson.csv
2026-05-28 09:38:49 | INFO | C03 | REGIONS_CSV = data\regions.csv
2026-05-28 09:38:49 | INFO | C03 | PRODUCTS_CSV = data\products.csv
2026-05-28 09:38:49 | INFO | C03 | CURRENCIES_CSV = data\currencies.csv
2026-05-28 09:38:49 | INFO | C03 | DISCOUNT_CODES_CSV = data\discount_codes.csv
2026-05-28 09:38:49 | INFO | C03 | ========================
2026-05-28 09:38:49 | INFO | C03 | SECTION A. Acquire
2026-05-28 09:38:49 | INFO | C03 | ========================
2026-05-28 09:38:49 | INFO | C03 | Loading settings from .env...
2026-05-28 09:38:49 | INFO | C03 | KAFKA_BOOTSTRAP_SERVERS  = localhost:9092
2026-05-28 09:38:49 | INFO | C03 | KAFKA_TOPIC              = product-sales-case
2026-05-28 09:38:49 | INFO | C03 | KAFKA_GROUP_ID           = streaming-consumer-group-A
2026-05-28 09:38:49 | INFO | C03 | CONSUMER_TIMEOUT_SECONDS = 10.0
2026-05-28 09:38:49 | INFO | C03 | CONSUMER_MAX_MESSAGES    = 1000
2026-05-28 09:38:49 | INFO | C03 | Verifying Kafka connection...
2026-05-28 09:38:53 | ERROR | C03 | !!!!!!!!!!!!!!!!!!!!!!!!!!!!!!!!!
Python code is running,
but Kafka is not available.
Kafka is not reachable.
The program tried to connect to:
    KAFKA_BOOTSTRAP_SERVERS = localhost:9092

CHECK:
1. Start Kafka first. Follow START_KAFKA.md.
2. Verify Kafka is running. In a terminal, run:
   cd ~/kafka
   bin/kafka-topics.sh --list --bootstrap-server localhost:9092
3. Verify the topic exists. Follow MANAGE_TOPIC.md.
!!!!!!!!!!!!!!!!!!!!!!!!!!!!!!!!!
2026-05-28 09:40:08 | DEBUG | P03 | No variables found in .env
2026-05-28 09:40:08 | INFO | P03 | === RUN START ===
2026-05-28 09:40:08 | INFO | P03 | project=P03
2026-05-28 09:40:08 | INFO | P03 | repo_dir=streaming-03-analytics
2026-05-28 09:40:08 | INFO | P03 | python=3.14.2
2026-05-28 09:40:08 | INFO | P03 | os=Windows 11
2026-05-28 09:40:08 | INFO | P03 | shell=powershell
2026-05-28 09:40:08 | INFO | P03 | cwd=.
2026-05-28 09:40:08 | INFO | P03 | github_actions=False
2026-05-28 09:40:08 | INFO | P03 | ========================
2026-05-28 09:40:08 | INFO | P03 | START producer main()
2026-05-28 09:40:08 | INFO | P03 | ========================
2026-05-28 09:40:08 | INFO | P03 | ROOT_DIR = .
2026-05-28 09:40:08 | INFO | P03 | DATA_DIR = data
2026-05-28 09:40:08 | INFO | P03 | SALES_CSV = data\sales.csv
2026-05-28 09:40:08 | INFO | P03 | REGIONS_CSV = data\regions.csv
2026-05-28 09:40:08 | INFO | P03 | PRODUCTS_CSV = data\products.csv
2026-05-28 09:40:08 | INFO | P03 | REJECTED_SALES_CSV = data\output\producer_rejected_sales.csv
2026-05-28 09:40:08 | INFO | P03 | ========================
2026-05-28 09:40:08 | INFO | P03 | SECTION A. Acquire
2026-05-28 09:40:08 | INFO | P03 | ========================
2026-05-28 09:40:08 | INFO | P03 | Loading settings from .env...
2026-05-28 09:40:08 | INFO | P03 | KAFKA_BOOTSTRAP_SERVERS           = localhost:9092
2026-05-28 09:40:08 | INFO | P03 | KAFKA_TOPIC                       = product-sales-case
2026-05-28 09:40:08 | INFO | P03 | PRODUCER_MESSAGE_COUNT            = 6
2026-05-28 09:40:08 | INFO | P03 | PRODUCER_MESSAGE_INTERVAL_SECONDS = 2.0
2026-05-28 09:40:08 | INFO | P03 | KAFKA_CLEAR_TOPIC_ON_START        = False
2026-05-28 09:40:08 | INFO | P03 | Verifying Kafka connection...
2026-05-28 09:40:12 | ERROR | P03 | !!!!!!!!!!!!!!!!!!!!!!!!!!!!!!!!!
Python code is running,
but Kafka is not available.
Kafka is not reachable.
The program tried to connect to:
    KAFKA_BOOTSTRAP_SERVERS = localhost:9092

CHECK:
1. Start Kafka first. Follow START_KAFKA.md.
2. Verify Kafka is running. In a terminal, run:
   cd ~/kafka
   bin/kafka-topics.sh --list --bootstrap-server localhost:9092
3. Verify the topic exists. Follow MANAGE_TOPIC.md.
!!!!!!!!!!!!!!!!!!!!!!!!!!!!!!!!!
2026-05-28 09:48:11 | DEBUG | P03 | No variables found in .env
2026-05-28 09:48:11 | INFO | P03 | === RUN START ===
2026-05-28 09:48:11 | INFO | P03 | project=P03
2026-05-28 09:48:11 | INFO | P03 | repo_dir=streaming-03-analytics
2026-05-28 09:48:11 | INFO | P03 | python=3.14.2
2026-05-28 09:48:11 | INFO | P03 | os=Windows 11
2026-05-28 09:48:11 | INFO | P03 | shell=powershell
2026-05-28 09:48:11 | INFO | P03 | cwd=.
2026-05-28 09:48:11 | INFO | P03 | github_actions=False
2026-05-28 09:48:11 | INFO | P03 | ========================
2026-05-28 09:48:11 | INFO | P03 | START producer main()
2026-05-28 09:48:11 | INFO | P03 | ========================
2026-05-28 09:48:11 | INFO | P03 | ROOT_DIR = .
2026-05-28 09:48:11 | INFO | P03 | DATA_DIR = data
2026-05-28 09:48:11 | INFO | P03 | SALES_CSV = data\sales.csv
2026-05-28 09:48:11 | INFO | P03 | REGIONS_CSV = data\regions.csv
2026-05-28 09:48:11 | INFO | P03 | PRODUCTS_CSV = data\products.csv
2026-05-28 09:48:11 | INFO | P03 | REJECTED_SALES_CSV = data\output\producer_rejected_sales.csv
2026-05-28 09:48:11 | INFO | P03 | ========================
2026-05-28 09:48:11 | INFO | P03 | SECTION A. Acquire
2026-05-28 09:48:11 | INFO | P03 | ========================
2026-05-28 09:48:11 | INFO | P03 | Loading settings from .env...
2026-05-28 09:48:11 | INFO | P03 | KAFKA_BOOTSTRAP_SERVERS           = localhost:9092
2026-05-28 09:48:11 | INFO | P03 | KAFKA_TOPIC                       = product-sales-case
2026-05-28 09:48:11 | INFO | P03 | PRODUCER_MESSAGE_COUNT            = 6
2026-05-28 09:48:11 | INFO | P03 | PRODUCER_MESSAGE_INTERVAL_SECONDS = 2.0
2026-05-28 09:48:11 | INFO | P03 | KAFKA_CLEAR_TOPIC_ON_START        = False
2026-05-28 09:48:11 | INFO | P03 | Verifying Kafka connection...
2026-05-28 09:48:11 | INFO | P03 | Kafka port is reachable.
2026-05-28 09:48:15 | INFO | P03 | Loading validation reference data...
2026-05-28 09:48:15 | INFO | P03 | Found 6 valid regions, 
2026-05-28 09:48:15 | INFO | P03 | 6 valid products.
2026-05-28 09:48:15 | INFO | P03 | ========================
2026-05-28 09:48:15 | INFO | P03 | SECTION P. Produce Messages
2026-05-28 09:48:15 | INFO | P03 | ========================
2026-05-28 09:48:15 | INFO | P03 | Initializing output...
2026-05-28 09:48:15 | INFO | P03 | Output directory ready: output
2026-05-28 09:48:15 | INFO | P03 | Sending messages...
2026-05-28 09:48:15 | INFO | P03 | Sending up to 6 message(s) to topic 'product-sales-case'.
2026-05-28 09:48:15 | INFO | P03 | Watch each sale arrive. Press CTRL+C to stop early.

2026-05-28 09:48:15 | INFO | P03 | {
  order_id: e7324981-a9f0-419f-b708-d0a333451fff
  datetime: 2026-05-04T08:11:00Z
  region_id: US-TX
  currency_code: USD
  product_id: PY-STREAM-005
  unit_price: 59.99
  quantity: 3
  is_online: true
  customer_id: CUST-4150
  is_new_customer: false
  device_type: tablet
  payment_method: paypal
  referral_source: paid_search
  discount_code: 
  customer_note: Gift for my team
}
2026-05-28 09:48:15 | INFO | P03 |   Sending message with key=US-TX
2026-05-28 09:48:20 | ERROR | P03 | !!!!!!!!!!!!!!!!!!!!!!!!!!!!!!!!!
The message was generated, but Kafka did not accept it.
Kafka did not confirm message delivery.
Details:
    KafkaError{code=_MSG_TIMED_OUT,val=-192,str="Local: Message timed out"}

CHECK:
1. Confirm Kafka is running.
2. Confirm the topic exists.
3. Confirm the broker is reachable at localhost:9092.
4. Try MANAGE_TOPIC.md to verify Kafka independently of Python.
!!!!!!!!!!!!!!!!!!!!!!!!!!!!!!!!!
2026-05-28 09:48:20 | ERROR | P03 | Producer stopped before completing all messages.
2026-05-28 09:49:37 | INFO | A02 | === RUN START ===
2026-05-28 09:49:37 | INFO | A02 | project=A02
2026-05-28 09:49:37 | INFO | A02 | repo_dir=streaming-03-analytics
2026-05-28 09:49:37 | INFO | A02 | python=3.14.2
2026-05-28 09:49:37 | INFO | A02 | os=Windows 11
2026-05-28 09:49:37 | INFO | A02 | shell=powershell
2026-05-28 09:49:37 | INFO | A02 | cwd=.
2026-05-28 09:49:37 | INFO | A02 | github_actions=False
2026-05-28 09:49:37 | INFO | A02 | ========================
2026-05-28 09:49:37 | INFO | A02 | START admin main()
2026-05-28 09:49:37 | INFO | A02 | ========================
2026-05-28 09:49:37 | INFO | A02 | KAFKA_BOOTSTRAP_SERVERS = localhost:9092
2026-05-28 09:49:37 | INFO | A02 | KAFKA_TOPIC             = product-sales-case
2026-05-28 09:49:37 | INFO | A02 | KAFKA_GROUP_ID          = streaming-consumer-group-A
2026-05-28 09:49:37 | INFO | A02 | KAFKA_AUTO_OFFSET_RESET = earliest
2026-05-28 09:49:37 | INFO | A02 | MESSAGE_INTERVAL_SECONDS = 1.0
2026-05-28 09:49:37 | INFO | A02 | MESSAGE_COUNT           = 6
2026-05-28 09:49:37 | INFO | A02 | Verifying Kafka connection...
2026-05-28 09:49:37 | INFO | A02 | Kafka port is reachable.
2026-05-28 09:49:47 | INFO | A02 | Topics currently in Kafka: ['product-sales-case', 'streaming-03-analytics-dawson']
2026-05-28 09:49:47 | INFO | A02 | Topic 'product-sales-case' already exists. No action needed.
2026-05-28 09:49:47 | INFO | A02 | To start fresh, run:  uv run python -m streaming.admin --recreate
2026-05-28 09:49:47 | INFO | A02 | Topics currently in Kafka: ['product-sales-case', 'streaming-03-analytics-dawson']
2026-05-28 09:49:47 | INFO | A02 | ========================
2026-05-28 09:49:47 | INFO | A02 | Admin executed successfully!
2026-05-28 09:49:47 | INFO | A02 | ========================
2026-05-28 09:49:59 | DEBUG | P03 | No variables found in .env
2026-05-28 09:49:59 | INFO | P03 | === RUN START ===
2026-05-28 09:49:59 | INFO | P03 | project=P03
2026-05-28 09:49:59 | INFO | P03 | repo_dir=streaming-03-analytics
2026-05-28 09:49:59 | INFO | P03 | python=3.14.2
2026-05-28 09:49:59 | INFO | P03 | os=Windows 11
2026-05-28 09:49:59 | INFO | P03 | shell=powershell
2026-05-28 09:49:59 | INFO | P03 | cwd=.
2026-05-28 09:49:59 | INFO | P03 | github_actions=False
2026-05-28 09:49:59 | INFO | P03 | ========================
2026-05-28 09:49:59 | INFO | P03 | START producer main()
2026-05-28 09:49:59 | INFO | P03 | ========================
2026-05-28 09:49:59 | INFO | P03 | ROOT_DIR = .
2026-05-28 09:49:59 | INFO | P03 | DATA_DIR = data
2026-05-28 09:49:59 | INFO | P03 | SALES_CSV = data\sales.csv
2026-05-28 09:49:59 | INFO | P03 | REGIONS_CSV = data\regions.csv
2026-05-28 09:49:59 | INFO | P03 | PRODUCTS_CSV = data\products.csv
2026-05-28 09:49:59 | INFO | P03 | REJECTED_SALES_CSV = data\output\producer_rejected_sales.csv
2026-05-28 09:49:59 | INFO | P03 | ========================
2026-05-28 09:49:59 | INFO | P03 | SECTION A. Acquire
2026-05-28 09:49:59 | INFO | P03 | ========================
2026-05-28 09:49:59 | INFO | P03 | Loading settings from .env...
2026-05-28 09:49:59 | INFO | P03 | KAFKA_BOOTSTRAP_SERVERS           = localhost:9092
2026-05-28 09:49:59 | INFO | P03 | KAFKA_TOPIC                       = product-sales-case
2026-05-28 09:49:59 | INFO | P03 | PRODUCER_MESSAGE_COUNT            = 6
2026-05-28 09:49:59 | INFO | P03 | PRODUCER_MESSAGE_INTERVAL_SECONDS = 2.0
2026-05-28 09:49:59 | INFO | P03 | KAFKA_CLEAR_TOPIC_ON_START        = False
2026-05-28 09:49:59 | INFO | P03 | Verifying Kafka connection...
2026-05-28 09:50:00 | INFO | P03 | Kafka port is reachable.
2026-05-28 09:50:00 | INFO | P03 | Loading validation reference data...
2026-05-28 09:50:00 | INFO | P03 | Found 6 valid regions, 
2026-05-28 09:50:00 | INFO | P03 | 6 valid products.
2026-05-28 09:50:00 | INFO | P03 | ========================
2026-05-28 09:50:00 | INFO | P03 | SECTION P. Produce Messages
2026-05-28 09:50:00 | INFO | P03 | ========================
2026-05-28 09:50:00 | INFO | P03 | Initializing output...
2026-05-28 09:50:00 | INFO | P03 | Output directory ready: output
2026-05-28 09:50:00 | INFO | P03 | Sending messages...
2026-05-28 09:50:00 | INFO | P03 | Sending up to 6 message(s) to topic 'product-sales-case'.
2026-05-28 09:50:00 | INFO | P03 | Watch each sale arrive. Press CTRL+C to stop early.

2026-05-28 09:50:00 | INFO | P03 | {
  order_id: e7324981-a9f0-419f-b708-d0a333451fff
  datetime: 2026-05-04T08:11:00Z
  region_id: US-TX
  currency_code: USD
  product_id: PY-STREAM-005
  unit_price: 59.99
  quantity: 3
  is_online: true
  customer_id: CUST-4150
  is_new_customer: false
  device_type: tablet
  payment_method: paypal
  referral_source: paid_search
  discount_code: 
  customer_note: Gift for my team
}
2026-05-28 09:50:00 | INFO | P03 |   Sending message with key=US-TX
2026-05-28 09:50:05 | ERROR | P03 | !!!!!!!!!!!!!!!!!!!!!!!!!!!!!!!!!
The message was generated, but Kafka did not accept it.
Kafka did not confirm message delivery.
Details:
    KafkaError{code=_MSG_TIMED_OUT,val=-192,str="Local: Message timed out"}

CHECK:
1. Confirm Kafka is running.
2. Confirm the topic exists.
3. Confirm the broker is reachable at localhost:9092.
4. Try MANAGE_TOPIC.md to verify Kafka independently of Python.
!!!!!!!!!!!!!!!!!!!!!!!!!!!!!!!!!
2026-05-28 09:50:05 | ERROR | P03 | Producer stopped before completing all messages.
2026-05-28 09:51:41 | DEBUG | P03 | KAFKA_BOOTSTRAP_SERVERS           = localhost:9092
2026-05-28 09:51:41 | DEBUG | P03 | KAFKA_BROKER_ADDRESS_FAMILY       = v6
2026-05-28 09:51:41 | DEBUG | P03 | KAFKA_TOPIC                       = streaming-03-analytics-dawson
2026-05-28 09:51:41 | DEBUG | P03 | KAFKA_CLEAR_TOPIC_ON_START        = false
2026-05-28 09:51:41 | DEBUG | P03 | PRODUCER_MESSAGE_COUNT            = 6
2026-05-28 09:51:41 | DEBUG | P03 | PRODUCER_MESSAGE_INTERVAL_SECONDS = 2
2026-05-28 09:51:41 | DEBUG | P03 | KAFKA_GROUP_ID                    = streaming-consumer-group-A
2026-05-28 09:51:41 | DEBUG | P03 | KAFKA_AUTO_OFFSET_RESET           = earliest
2026-05-28 09:51:41 | DEBUG | P03 | CONSUMER_TIMEOUT_SECONDS          = 10
2026-05-28 09:51:41 | DEBUG | P03 | CONSUMER_MAX_MESSAGES             = 1000
2026-05-28 09:51:41 | INFO | P03 | === RUN START ===
2026-05-28 09:51:41 | INFO | P03 | project=P03
2026-05-28 09:51:41 | INFO | P03 | repo_dir=streaming-03-analytics
2026-05-28 09:51:41 | INFO | P03 | python=3.14.2
2026-05-28 09:51:41 | INFO | P03 | os=Windows 11
2026-05-28 09:51:41 | INFO | P03 | shell=powershell
2026-05-28 09:51:41 | INFO | P03 | cwd=.
2026-05-28 09:51:41 | INFO | P03 | github_actions=False
2026-05-28 09:51:41 | INFO | P03 | ========================
2026-05-28 09:51:41 | INFO | P03 | START producer main()
2026-05-28 09:51:41 | INFO | P03 | ========================
2026-05-28 09:51:41 | INFO | P03 | ROOT_DIR = .
2026-05-28 09:51:41 | INFO | P03 | DATA_DIR = data
2026-05-28 09:51:41 | INFO | P03 | SALES_CSV = data\sales.csv
2026-05-28 09:51:41 | INFO | P03 | REGIONS_CSV = data\regions.csv
2026-05-28 09:51:41 | INFO | P03 | PRODUCTS_CSV = data\products.csv
2026-05-28 09:51:41 | INFO | P03 | REJECTED_SALES_CSV = data\output\producer_rejected_sales.csv
2026-05-28 09:51:41 | INFO | P03 | ========================
2026-05-28 09:51:41 | INFO | P03 | SECTION A. Acquire
2026-05-28 09:51:41 | INFO | P03 | ========================
2026-05-28 09:51:41 | INFO | P03 | Loading settings from .env...
2026-05-28 09:51:41 | INFO | P03 | KAFKA_BOOTSTRAP_SERVERS           = localhost:9092
2026-05-28 09:51:41 | INFO | P03 | KAFKA_TOPIC                       = streaming-03-analytics-dawson
2026-05-28 09:51:41 | INFO | P03 | PRODUCER_MESSAGE_COUNT            = 6
2026-05-28 09:51:41 | INFO | P03 | PRODUCER_MESSAGE_INTERVAL_SECONDS = 2.0
2026-05-28 09:51:41 | INFO | P03 | KAFKA_CLEAR_TOPIC_ON_START        = False
2026-05-28 09:51:41 | INFO | P03 | Verifying Kafka connection...
2026-05-28 09:51:41 | INFO | P03 | Kafka port is reachable.
2026-05-28 09:51:43 | INFO | P03 | Loading validation reference data...
2026-05-28 09:51:43 | INFO | P03 | Found 6 valid regions, 
2026-05-28 09:51:43 | INFO | P03 | 6 valid products.
2026-05-28 09:51:43 | INFO | P03 | ========================
2026-05-28 09:51:43 | INFO | P03 | SECTION P. Produce Messages
2026-05-28 09:51:43 | INFO | P03 | ========================
2026-05-28 09:51:43 | INFO | P03 | Initializing output...
2026-05-28 09:51:43 | INFO | P03 | Output directory ready: output
2026-05-28 09:51:43 | INFO | P03 | Sending messages...
2026-05-28 09:51:43 | INFO | P03 | Sending up to 6 message(s) to topic 'streaming-03-analytics-dawson'.
2026-05-28 09:51:43 | INFO | P03 | Watch each sale arrive. Press CTRL+C to stop early.

2026-05-28 09:51:43 | INFO | P03 | {
  order_id: e7324981-a9f0-419f-b708-d0a333451fff
  datetime: 2026-05-04T08:11:00Z
  region_id: US-TX
  currency_code: USD
  product_id: PY-STREAM-005
  unit_price: 59.99
  quantity: 3
  is_online: true
  customer_id: CUST-4150
  is_new_customer: false
  device_type: tablet
  payment_method: paypal
  referral_source: paid_search
  discount_code: 
  customer_note: Gift for my team
}
2026-05-28 09:51:43 | INFO | P03 |   Sending message with key=US-TX
2026-05-28 09:51:43 | INFO | P03 |   MESSAGE SENT  sent=1
2026-05-28 09:51:45 | INFO | P03 | {
  order_id: d61943e0-f543-4b5f-9c9a-18605ea4cfe5
  datetime: 2026-05-04T08:23:00Z
  region_id: US-TX
  currency_code: USD
  product_id: PY-DATA-002
  unit_price: 49.99
  quantity: 1
  is_online: true
  customer_id: CUST-1106
  is_new_customer: false
  device_type: mobile
  payment_method: paypal
  referral_source: paid_search
  discount_code: 
  customer_note: Gift for my team
}
2026-05-28 09:51:45 | INFO | P03 |   Sending message with key=US-TX
2026-05-28 09:51:45 | INFO | P03 |   MESSAGE SENT  sent=2
2026-05-28 09:51:47 | INFO | P03 | {
  order_id: 14da1915-8e74-47be-9e10-f7275d31af46
  datetime: 2026-05-04T08:28:00Z
  region_id: CA-QC
  currency_code: CAD
  product_id: PY-NLP-006
  unit_price: 54.99
  quantity: 1
  is_online: true
  customer_id: CUST-2133
  is_new_customer: false
  device_type: desktop
  payment_method: paypal
  referral_source: organic
  discount_code: 
  customer_note: Learning at my own pace
}
2026-05-28 09:51:47 | INFO | P03 |   Sending message with key=CA-QC
2026-05-28 09:51:47 | INFO | P03 |   MESSAGE SENT  sent=3
2026-05-28 09:51:49 | INFO | P03 | {
  order_id: d77ed935-9b28-431d-bc25-0a3fd98f4154
  datetime: 2026-05-04T08:40:00Z
  region_id: US-CA
  currency_code: USD
  product_id: PY-STREAM-005
  unit_price: 59.99
  quantity: 1
  is_online: true
  customer_id: CUST-5333
  is_new_customer: false
  device_type: mobile
  payment_method: paypal
  referral_source: organic
  discount_code: 
  customer_note: Highly recommend
}
2026-05-28 09:51:49 | INFO | P03 |   Sending message with key=US-CA
2026-05-28 09:51:50 | INFO | P03 |   MESSAGE SENT  sent=4
2026-05-28 09:51:52 | INFO | P03 | {
  order_id: 24b91995-25f8-4ad7-8fa6-2e4c15750e5e
  datetime: 2026-05-04T08:41:00Z
  region_id: US-MO
  currency_code: USD
  product_id: PY-VIZ-003
  unit_price: 39.99
  quantity: 1
  is_online: true
  customer_id: CUST-8573
  is_new_customer: false
  device_type: mobile
  payment_method: apple_pay
  referral_source: paid_search
  discount_code: 
  customer_note: Learning at my own pace
}
2026-05-28 09:51:52 | INFO | P03 |   Sending message with key=US-MO
2026-05-28 09:51:52 | INFO | P03 |   MESSAGE SENT  sent=5
2026-05-28 09:51:54 | INFO | P03 | {
  order_id: 1ec0fc8b-998c-4f43-8a66-19e1fa7d5fa8
  datetime: 2026-05-04T08:54:00Z
  region_id: CA-ON
  currency_code: CAD
  product_id: PY-SQL-004
  unit_price: 44.99
  quantity: 1
  is_online: true
  customer_id: CUST-8062
  is_new_customer: false
  device_type: tablet
  payment_method: paypal
  referral_source: organic
  discount_code: 
  customer_note: 
}
2026-05-28 09:51:54 | INFO | P03 |   Sending message with key=CA-ON
2026-05-28 09:51:54 | INFO | P03 |   MESSAGE SENT  sent=6
2026-05-28 09:51:56 | INFO | P03 | Checking for rejected records...
2026-05-28 09:51:56 | INFO | P03 |   No records rejected.
2026-05-28 09:51:56 | INFO | P03 | ========================
2026-05-28 09:51:56 | INFO | P03 | SECTION E. Exit
2026-05-28 09:51:56 | INFO | P03 | ========================
2026-05-28 09:51:56 | INFO | P03 | Summary:
2026-05-28 09:51:56 | INFO | P03 | Sent 6 message(s) to topic 'streaming-03-analytics-dawson'.
2026-05-28 09:51:56 | INFO | P03 | Rejected 0 message(s).
2026-05-28 09:51:56 | INFO | P03 | ========================
2026-05-28 09:51:56 | INFO | P03 | Producer executed successfully!
2026-05-28 09:51:56 | INFO | P03 | ========================
2026-05-28 09:51:58 | DEBUG | C03 | KAFKA_BOOTSTRAP_SERVERS           = localhost:9092
2026-05-28 09:51:58 | DEBUG | C03 | KAFKA_BROKER_ADDRESS_FAMILY       = v6
2026-05-28 09:51:58 | DEBUG | C03 | KAFKA_TOPIC                       = streaming-03-analytics-dawson
2026-05-28 09:51:58 | DEBUG | C03 | KAFKA_CLEAR_TOPIC_ON_START        = false
2026-05-28 09:51:58 | DEBUG | C03 | PRODUCER_MESSAGE_COUNT            = 6
2026-05-28 09:51:58 | DEBUG | C03 | PRODUCER_MESSAGE_INTERVAL_SECONDS = 2
2026-05-28 09:51:58 | DEBUG | C03 | KAFKA_GROUP_ID                    = streaming-consumer-group-A
2026-05-28 09:51:58 | DEBUG | C03 | KAFKA_AUTO_OFFSET_RESET           = earliest
2026-05-28 09:51:58 | DEBUG | C03 | CONSUMER_TIMEOUT_SECONDS          = 10
2026-05-28 09:51:58 | DEBUG | C03 | CONSUMER_MAX_MESSAGES             = 1000
2026-05-28 09:51:58 | INFO | C03 | === RUN START ===
2026-05-28 09:51:58 | INFO | C03 | project=C03
2026-05-28 09:51:58 | INFO | C03 | repo_dir=streaming-03-analytics
2026-05-28 09:51:58 | INFO | C03 | python=3.14.2
2026-05-28 09:51:58 | INFO | C03 | os=Windows 11
2026-05-28 09:51:58 | INFO | C03 | shell=powershell
2026-05-28 09:51:58 | INFO | C03 | cwd=.
2026-05-28 09:51:58 | INFO | C03 | github_actions=False
2026-05-28 09:51:58 | INFO | C03 | ========================
2026-05-28 09:51:58 | INFO | C03 | START consumer main()
2026-05-28 09:51:58 | INFO | C03 | ========================
2026-05-28 09:51:58 | INFO | C03 | ROOT_DIR = .
2026-05-28 09:51:58 | INFO | C03 | DATA_DIR = data
2026-05-28 09:51:58 | INFO | C03 | OUTPUT_CSV = data\output\consumed_sales_dawson.csv
2026-05-28 09:51:58 | INFO | C03 | REGIONS_CSV = data\regions.csv
2026-05-28 09:51:58 | INFO | C03 | PRODUCTS_CSV = data\products.csv
2026-05-28 09:51:58 | INFO | C03 | CURRENCIES_CSV = data\currencies.csv
2026-05-28 09:51:58 | INFO | C03 | DISCOUNT_CODES_CSV = data\discount_codes.csv
2026-05-28 09:51:58 | INFO | C03 | ========================
2026-05-28 09:51:58 | INFO | C03 | SECTION A. Acquire
2026-05-28 09:51:58 | INFO | C03 | ========================
2026-05-28 09:51:58 | INFO | C03 | Loading settings from .env...
2026-05-28 09:51:58 | INFO | C03 | KAFKA_BOOTSTRAP_SERVERS  = localhost:9092
2026-05-28 09:51:58 | INFO | C03 | KAFKA_TOPIC              = streaming-03-analytics-dawson
2026-05-28 09:51:58 | INFO | C03 | KAFKA_GROUP_ID           = streaming-consumer-group-A
2026-05-28 09:51:58 | INFO | C03 | CONSUMER_TIMEOUT_SECONDS = 10.0
2026-05-28 09:51:58 | INFO | C03 | CONSUMER_MAX_MESSAGES    = 1000
2026-05-28 09:51:58 | INFO | C03 | Verifying Kafka connection...
2026-05-28 09:51:58 | INFO | C03 | Kafka port is reachable.
2026-05-28 09:51:58 | INFO | C03 | Verifying Kafka topic...
2026-05-28 09:52:07 | INFO | C03 | Topic 'streaming-03-analytics-dawson' exists.
2026-05-28 09:52:07 | INFO | C03 | Found 6 message(s) available.
2026-05-28 09:52:07 | INFO | C03 | Creating Kafka consumer...
2026-05-28 09:52:07 | INFO | C03 | Subscribed to topic: 'streaming-03-analytics-dawson' (reading from beginning)
2026-05-28 09:52:07 | INFO | C03 | ========================
2026-05-28 09:52:07 | INFO | C03 | SECTION C. Consume and Process Messages
2026-05-28 09:52:07 | INFO | C03 | ========================
2026-05-28 09:52:07 | INFO | C03 | Initializing output...
2026-05-28 09:52:07 | INFO | C03 | Output CSV cleared: consumed_sales_dawson.csv
2026-05-28 09:52:07 | INFO | C03 | Loading enrichment reference data...
2026-05-28 09:52:07 | INFO | C03 | Found 6 region tax rates.
2026-05-28 09:52:07 | INFO | C03 | Consuming messages...
2026-05-28 09:52:07 | INFO | C03 | Waiting for up to 1000 message(s).
2026-05-28 09:52:07 | INFO | C03 | Press CTRL+C to stop early.

2026-05-28 09:52:13 | INFO | C03 | {'currency_code': 'USD', 'customer_id': 'CUST-4150', 'customer_note': 'Gift for my team', 'datetime': '2026-05-04T08:11:00Z', 'device_type': 'tablet', 'discount_code': '', 'is_new_customer': 'false', 'is_online': 'true', 'order_id': 'e7324981-a9f0-419f-b708-d0a333451fff', 'payment_method': 'paypal', 'product_id': 'PY-STREAM-005', 'quantity': '3', 'referral_source': 'paid_search', 'region_id': 'US-TX', 'unit_price': '59.99', '_kafka_key': 'US-TX', '_kafka_partition': 0, '_kafka_offset': 0}
2026-05-28 09:52:13 | INFO | C03 | subtotal=179.97
2026-05-28 09:52:13 | INFO | C03 | tax=14.85
2026-05-28 09:52:13 | INFO | C03 | total=194.82
2026-05-28 09:52:13 | INFO | C03 | running_total=194.82
2026-05-28 09:52:13 | INFO | C03 | MESSAGE ACCEPTED
2026-05-28 09:52:13 | INFO | C03 | order=e7324981-a9f0-419f-b708-d0a333451fff
2026-05-28 09:52:13 | INFO | C03 | total=$194.82
2026-05-28 09:52:13 | INFO | C03 | consumed=1
2026-05-28 09:52:13 | INFO | C03 | RUNNING STATS
2026-05-28 09:52:13 | INFO | C03 | total_sales=$194.82
2026-05-28 09:52:13 | INFO | C03 | average=$194.82
2026-05-28 09:52:13 | INFO | C03 | min=$194.82
2026-05-28 09:52:13 | INFO | C03 | max=$194.82
2026-05-28 09:52:13 | INFO | C03 | {'currency_code': 'USD', 'customer_id': 'CUST-1106', 'customer_note': 'Gift for my team', 'datetime': '2026-05-04T08:23:00Z', 'device_type': 'mobile', 'discount_code': '', 'is_new_customer': 'false', 'is_online': 'true', 'order_id': 'd61943e0-f543-4b5f-9c9a-18605ea4cfe5', 'payment_method': 'paypal', 'product_id': 'PY-DATA-002', 'quantity': '1', 'referral_source': 'paid_search', 'region_id': 'US-TX', 'unit_price': '49.99', '_kafka_key': 'US-TX', '_kafka_partition': 0, '_kafka_offset': 1}
2026-05-28 09:52:13 | INFO | C03 | subtotal=49.99
2026-05-28 09:52:13 | INFO | C03 | tax=4.12
2026-05-28 09:52:13 | INFO | C03 | total=54.11
2026-05-28 09:52:13 | INFO | C03 | running_total=248.93
2026-05-28 09:52:13 | INFO | C03 | MESSAGE ACCEPTED
2026-05-28 09:52:13 | INFO | C03 | order=d61943e0-f543-4b5f-9c9a-18605ea4cfe5
2026-05-28 09:52:13 | INFO | C03 | total=$54.11
2026-05-28 09:52:13 | INFO | C03 | consumed=2
2026-05-28 09:52:13 | INFO | C03 | RUNNING STATS
2026-05-28 09:52:13 | INFO | C03 | total_sales=$248.93
2026-05-28 09:52:13 | INFO | C03 | average=$124.47
2026-05-28 09:52:13 | INFO | C03 | min=$54.11
2026-05-28 09:52:13 | INFO | C03 | max=$194.82
2026-05-28 09:52:13 | INFO | C03 | {'currency_code': 'CAD', 'customer_id': 'CUST-2133', 'customer_note': 'Learning at my own pace', 'datetime': '2026-05-04T08:28:00Z', 'device_type': 'desktop', 'discount_code': '', 'is_new_customer': 'false', 'is_online': 'true', 'order_id': '14da1915-8e74-47be-9e10-f7275d31af46', 'payment_method': 'paypal', 'product_id': 'PY-NLP-006', 'quantity': '1', 'referral_source': 'organic', 'region_id': 'CA-QC', 'unit_price': '54.99', '_kafka_key': 'CA-QC', '_kafka_partition': 0, '_kafka_offset': 2}
2026-05-28 09:52:13 | INFO | C03 | subtotal=54.99
2026-05-28 09:52:13 | INFO | C03 | tax=8.23
2026-05-28 09:52:13 | INFO | C03 | total=63.22
2026-05-28 09:52:13 | INFO | C03 | running_total=312.15
2026-05-28 09:52:13 | INFO | C03 | MESSAGE ACCEPTED
2026-05-28 09:52:13 | INFO | C03 | order=14da1915-8e74-47be-9e10-f7275d31af46
2026-05-28 09:52:13 | INFO | C03 | total=$63.22
2026-05-28 09:52:13 | INFO | C03 | consumed=3
2026-05-28 09:52:13 | INFO | C03 | RUNNING STATS
2026-05-28 09:52:13 | INFO | C03 | total_sales=$312.15
2026-05-28 09:52:13 | INFO | C03 | average=$104.05
2026-05-28 09:52:13 | INFO | C03 | min=$54.11
2026-05-28 09:52:13 | INFO | C03 | max=$194.82
2026-05-28 09:52:13 | INFO | C03 | {'currency_code': 'USD', 'customer_id': 'CUST-5333', 'customer_note': 'Highly recommend', 'datetime': '2026-05-04T08:40:00Z', 'device_type': 'mobile', 'discount_code': '', 'is_new_customer': 'false', 'is_online': 'true', 'order_id': 'd77ed935-9b28-431d-bc25-0a3fd98f4154', 'payment_method': 'paypal', 'product_id': 'PY-STREAM-005', 'quantity': '1', 'referral_source': 'organic', 'region_id': 'US-CA', 'unit_price': '59.99', '_kafka_key': 'US-CA', '_kafka_partition': 0, '_kafka_offset': 3}
2026-05-28 09:52:13 | INFO | C03 | subtotal=59.99
2026-05-28 09:52:13 | INFO | C03 | tax=5.7
2026-05-28 09:52:13 | INFO | C03 | total=65.69
2026-05-28 09:52:13 | INFO | C03 | running_total=377.84
2026-05-28 09:52:13 | INFO | C03 | MESSAGE ACCEPTED
2026-05-28 09:52:13 | INFO | C03 | order=d77ed935-9b28-431d-bc25-0a3fd98f4154
2026-05-28 09:52:13 | INFO | C03 | total=$65.69
2026-05-28 09:52:13 | INFO | C03 | consumed=4
2026-05-28 09:52:13 | INFO | C03 | RUNNING STATS
2026-05-28 09:52:13 | INFO | C03 | total_sales=$377.84
2026-05-28 09:52:13 | INFO | C03 | average=$94.46
2026-05-28 09:52:13 | INFO | C03 | min=$54.11
2026-05-28 09:52:13 | INFO | C03 | max=$194.82
2026-05-28 09:52:13 | INFO | C03 | {'currency_code': 'USD', 'customer_id': 'CUST-8573', 'customer_note': 'Learning at my own pace', 'datetime': '2026-05-04T08:41:00Z', 'device_type': 'mobile', 'discount_code': '', 'is_new_customer': 'false', 'is_online': 'true', 'order_id': '24b91995-25f8-4ad7-8fa6-2e4c15750e5e', 'payment_method': 'apple_pay', 'product_id': 'PY-VIZ-003', 'quantity': '1', 'referral_source': 'paid_search', 'region_id': 'US-MO', 'unit_price': '39.99', '_kafka_key': 'US-MO', '_kafka_partition': 0, '_kafka_offset': 4}
2026-05-28 09:52:13 | INFO | C03 | subtotal=39.99
2026-05-28 09:52:13 | INFO | C03 | tax=3.2
2026-05-28 09:52:13 | INFO | C03 | total=43.19
2026-05-28 09:52:13 | INFO | C03 | running_total=421.03
2026-05-28 09:52:13 | INFO | C03 | MESSAGE ACCEPTED
2026-05-28 09:52:13 | INFO | C03 | order=24b91995-25f8-4ad7-8fa6-2e4c15750e5e
2026-05-28 09:52:13 | INFO | C03 | total=$43.19
2026-05-28 09:52:13 | INFO | C03 | consumed=5
2026-05-28 09:52:13 | INFO | C03 | RUNNING STATS
2026-05-28 09:52:13 | INFO | C03 | total_sales=$421.03
2026-05-28 09:52:13 | INFO | C03 | average=$84.21
2026-05-28 09:52:13 | INFO | C03 | min=$43.19
2026-05-28 09:52:13 | INFO | C03 | max=$194.82
2026-05-28 09:52:13 | INFO | C03 | {'currency_code': 'CAD', 'customer_id': 'CUST-8062', 'customer_note': '', 'datetime': '2026-05-04T08:54:00Z', 'device_type': 'tablet', 'discount_code': '', 'is_new_customer': 'false', 'is_online': 'true', 'order_id': '1ec0fc8b-998c-4f43-8a66-19e1fa7d5fa8', 'payment_method': 'paypal', 'product_id': 'PY-SQL-004', 'quantity': '1', 'referral_source': 'organic', 'region_id': 'CA-ON', 'unit_price': '44.99', '_kafka_key': 'CA-ON', '_kafka_partition': 0, '_kafka_offset': 5}
2026-05-28 09:52:13 | INFO | C03 | subtotal=44.99
2026-05-28 09:52:13 | INFO | C03 | tax=5.85
2026-05-28 09:52:13 | INFO | C03 | total=50.84
2026-05-28 09:52:13 | INFO | C03 | running_total=471.87
2026-05-28 09:52:13 | INFO | C03 | MESSAGE ACCEPTED
2026-05-28 09:52:13 | INFO | C03 | order=1ec0fc8b-998c-4f43-8a66-19e1fa7d5fa8
2026-05-28 09:52:13 | INFO | C03 | total=$50.84
2026-05-28 09:52:13 | INFO | C03 | consumed=6
2026-05-28 09:52:13 | INFO | C03 | RUNNING STATS
2026-05-28 09:52:13 | INFO | C03 | total_sales=$471.87
2026-05-28 09:52:13 | INFO | C03 | average=$78.64
2026-05-28 09:52:13 | INFO | C03 | min=$43.19
2026-05-28 09:52:13 | INFO | C03 | max=$194.82
2026-05-28 09:52:23 | INFO | C03 | No message received within 10.0s timeout.
2026-05-28 09:52:23 | INFO | C03 | Producer finished or paused. Stopping consumer.
2026-05-28 09:52:23 | INFO | C03 | Kafka consumer closed.
2026-05-28 09:52:23 | INFO | C03 | ========================
2026-05-28 09:52:23 | INFO | C03 | SECTION E. Exit
2026-05-28 09:52:23 | INFO | C03 | ========================
2026-05-28 09:52:23 | INFO | C03 | Summary:
2026-05-28 09:52:23 | INFO | C03 | Consumed 6 message(s) from topic 'streaming-03-analytics-dawson'.
2026-05-28 09:52:23 | INFO | C03 | Skipped  0 message(s).
2026-05-28 09:52:23 | INFO | C03 | OUTPUT_CSV = data\output\consumed_sales_dawson.csv
2026-05-28 09:52:23 | INFO | C03 |   Total sales:  $471.87
2026-05-28 09:52:23 | INFO | C03 |   Average sale: $78.64
2026-05-28 09:52:23 | INFO | C03 |   Minimum sale: $43.19
2026-05-28 09:52:23 | INFO | C03 |   Maximum sale: $194.82
2026-05-28 09:52:23 | INFO | C03 | ========================
2026-05-28 09:52:23 | INFO | C03 | Consumer executed successfully!
2026-05-28 09:52:23 | INFO | C03 | ========================
2026-05-28 09:53:18 | DEBUG | P03 | KAFKA_BOOTSTRAP_SERVERS           = localhost:9092
2026-05-28 09:53:18 | DEBUG | P03 | KAFKA_BROKER_ADDRESS_FAMILY       = v6
2026-05-28 09:53:18 | DEBUG | P03 | KAFKA_TOPIC                       = streaming-03-analytics-dawson
2026-05-28 09:53:18 | DEBUG | P03 | KAFKA_CLEAR_TOPIC_ON_START        = false
2026-05-28 09:53:18 | DEBUG | P03 | PRODUCER_MESSAGE_COUNT            = 6
2026-05-28 09:53:18 | DEBUG | P03 | PRODUCER_MESSAGE_INTERVAL_SECONDS = 2
2026-05-28 09:53:18 | DEBUG | P03 | KAFKA_GROUP_ID                    = streaming-consumer-group-A
2026-05-28 09:53:18 | DEBUG | P03 | KAFKA_AUTO_OFFSET_RESET           = earliest
2026-05-28 09:53:18 | DEBUG | P03 | CONSUMER_TIMEOUT_SECONDS          = 10
2026-05-28 09:53:18 | DEBUG | P03 | CONSUMER_MAX_MESSAGES             = 1000
2026-05-28 09:53:18 | INFO | P03 | === RUN START ===
2026-05-28 09:53:18 | INFO | P03 | project=P03
2026-05-28 09:53:18 | INFO | P03 | repo_dir=streaming-03-analytics
2026-05-28 09:53:18 | INFO | P03 | python=3.14.2
2026-05-28 09:53:19 | INFO | P03 | os=Windows 11
2026-05-28 09:53:19 | INFO | P03 | shell=powershell
2026-05-28 09:53:19 | INFO | P03 | cwd=.
2026-05-28 09:53:19 | INFO | P03 | github_actions=False
2026-05-28 09:53:19 | INFO | P03 | ========================
2026-05-28 09:53:19 | INFO | P03 | START producer main()
2026-05-28 09:53:19 | INFO | P03 | ========================
2026-05-28 09:53:19 | INFO | P03 | ROOT_DIR = .
2026-05-28 09:53:19 | INFO | P03 | DATA_DIR = data
2026-05-28 09:53:19 | INFO | P03 | SALES_CSV = data\sales.csv
2026-05-28 09:53:19 | INFO | P03 | REGIONS_CSV = data\regions.csv
2026-05-28 09:53:19 | INFO | P03 | PRODUCTS_CSV = data\products.csv
2026-05-28 09:53:19 | INFO | P03 | REJECTED_SALES_CSV = data\output\producer_rejected_sales.csv
2026-05-28 09:53:19 | INFO | P03 | ========================
2026-05-28 09:53:19 | INFO | P03 | SECTION A. Acquire
2026-05-28 09:53:19 | INFO | P03 | ========================
2026-05-28 09:53:19 | INFO | P03 | Loading settings from .env...
2026-05-28 09:53:19 | INFO | P03 | KAFKA_BOOTSTRAP_SERVERS           = localhost:9092
2026-05-28 09:53:19 | INFO | P03 | KAFKA_TOPIC                       = streaming-03-analytics-dawson
2026-05-28 09:53:19 | INFO | P03 | PRODUCER_MESSAGE_COUNT            = 6
2026-05-28 09:53:19 | INFO | P03 | PRODUCER_MESSAGE_INTERVAL_SECONDS = 2.0
2026-05-28 09:53:19 | INFO | P03 | KAFKA_CLEAR_TOPIC_ON_START        = False
2026-05-28 09:53:19 | INFO | P03 | Verifying Kafka connection...
2026-05-28 09:53:19 | INFO | P03 | Kafka port is reachable.
2026-05-28 09:53:29 | INFO | P03 | Loading validation reference data...
2026-05-28 09:53:29 | INFO | P03 | Found 6 valid regions, 
2026-05-28 09:53:29 | INFO | P03 | 6 valid products.
2026-05-28 09:53:29 | INFO | P03 | ========================
2026-05-28 09:53:29 | INFO | P03 | SECTION P. Produce Messages
2026-05-28 09:53:29 | INFO | P03 | ========================
2026-05-28 09:53:29 | INFO | P03 | Initializing output...
2026-05-28 09:53:29 | INFO | P03 | Output directory ready: output
2026-05-28 09:53:29 | INFO | P03 | Sending messages...
2026-05-28 09:53:29 | INFO | P03 | Sending up to 6 message(s) to topic 'streaming-03-analytics-dawson'.
2026-05-28 09:53:29 | INFO | P03 | Watch each sale arrive. Press CTRL+C to stop early.

2026-05-28 09:53:29 | INFO | P03 | {
  order_id: e7324981-a9f0-419f-b708-d0a333451fff
  datetime: 2026-05-04T08:11:00Z
  region_id: US-TX
  currency_code: USD
  product_id: PY-STREAM-005
  unit_price: 59.99
  quantity: 3
  is_online: true
  customer_id: CUST-4150
  is_new_customer: false
  device_type: tablet
  payment_method: paypal
  referral_source: paid_search
  discount_code: 
  customer_note: Gift for my team
}
2026-05-28 09:53:29 | INFO | P03 |   Sending message with key=US-TX
2026-05-28 09:53:29 | INFO | P03 |   MESSAGE SENT  sent=1
2026-05-28 09:53:31 | INFO | P03 | {
  order_id: d61943e0-f543-4b5f-9c9a-18605ea4cfe5
  datetime: 2026-05-04T08:23:00Z
  region_id: US-TX
  currency_code: USD
  product_id: PY-DATA-002
  unit_price: 49.99
  quantity: 1
  is_online: true
  customer_id: CUST-1106
  is_new_customer: false
  device_type: mobile
  payment_method: paypal
  referral_source: paid_search
  discount_code: 
  customer_note: Gift for my team
}
2026-05-28 09:53:31 | INFO | P03 |   Sending message with key=US-TX
2026-05-28 09:53:31 | INFO | P03 |   MESSAGE SENT  sent=2
2026-05-28 09:53:33 | INFO | P03 | {
  order_id: 14da1915-8e74-47be-9e10-f7275d31af46
  datetime: 2026-05-04T08:28:00Z
  region_id: CA-QC
  currency_code: CAD
  product_id: PY-NLP-006
  unit_price: 54.99
  quantity: 1
  is_online: true
  customer_id: CUST-2133
  is_new_customer: false
  device_type: desktop
  payment_method: paypal
  referral_source: organic
  discount_code: 
  customer_note: Learning at my own pace
}
2026-05-28 09:53:33 | INFO | P03 |   Sending message with key=CA-QC
2026-05-28 09:53:33 | INFO | P03 |   MESSAGE SENT  sent=3
2026-05-28 09:53:35 | INFO | P03 | {
  order_id: d77ed935-9b28-431d-bc25-0a3fd98f4154
  datetime: 2026-05-04T08:40:00Z
  region_id: US-CA
  currency_code: USD
  product_id: PY-STREAM-005
  unit_price: 59.99
  quantity: 1
  is_online: true
  customer_id: CUST-5333
  is_new_customer: false
  device_type: mobile
  payment_method: paypal
  referral_source: organic
  discount_code: 
  customer_note: Highly recommend
}
2026-05-28 09:53:35 | INFO | P03 |   Sending message with key=US-CA
2026-05-28 09:53:35 | INFO | P03 |   MESSAGE SENT  sent=4
2026-05-28 09:53:37 | INFO | P03 | {
  order_id: 24b91995-25f8-4ad7-8fa6-2e4c15750e5e
  datetime: 2026-05-04T08:41:00Z
  region_id: US-MO
  currency_code: USD
  product_id: PY-VIZ-003
  unit_price: 39.99
  quantity: 1
  is_online: true
  customer_id: CUST-8573
  is_new_customer: false
  device_type: mobile
  payment_method: apple_pay
  referral_source: paid_search
  discount_code: 
  customer_note: Learning at my own pace
}
2026-05-28 09:53:37 | INFO | P03 |   Sending message with key=US-MO
2026-05-28 09:53:37 | INFO | P03 |   MESSAGE SENT  sent=5
2026-05-28 09:53:39 | INFO | P03 | {
  order_id: 1ec0fc8b-998c-4f43-8a66-19e1fa7d5fa8
  datetime: 2026-05-04T08:54:00Z
  region_id: CA-ON
  currency_code: CAD
  product_id: PY-SQL-004
  unit_price: 44.99
  quantity: 1
  is_online: true
  customer_id: CUST-8062
  is_new_customer: false
  device_type: tablet
  payment_method: paypal
  referral_source: organic
  discount_code: 
  customer_note: 
}
2026-05-28 09:53:39 | INFO | P03 |   Sending message with key=CA-ON
2026-05-28 09:53:39 | INFO | P03 |   MESSAGE SENT  sent=6
2026-05-28 09:53:41 | INFO | P03 | Checking for rejected records...
2026-05-28 09:53:41 | INFO | P03 |   No records rejected.
2026-05-28 09:53:41 | INFO | P03 | ========================
2026-05-28 09:53:41 | INFO | P03 | SECTION E. Exit
2026-05-28 09:53:41 | INFO | P03 | ========================
2026-05-28 09:53:41 | INFO | P03 | Summary:
2026-05-28 09:53:41 | INFO | P03 | Sent 6 message(s) to topic 'streaming-03-analytics-dawson'.
2026-05-28 09:53:41 | INFO | P03 | Rejected 0 message(s).
2026-05-28 09:53:41 | INFO | P03 | ========================
2026-05-28 09:53:41 | INFO | P03 | Producer executed successfully!
2026-05-28 09:53:41 | INFO | P03 | ========================
2026-05-28 09:54:11 | DEBUG | C03 | KAFKA_BOOTSTRAP_SERVERS           = localhost:9092
2026-05-28 09:54:11 | DEBUG | C03 | KAFKA_BROKER_ADDRESS_FAMILY       = v6
2026-05-28 09:54:11 | DEBUG | C03 | KAFKA_TOPIC                       = streaming-03-analytics-dawson
2026-05-28 09:54:11 | DEBUG | C03 | KAFKA_CLEAR_TOPIC_ON_START        = false
2026-05-28 09:54:11 | DEBUG | C03 | PRODUCER_MESSAGE_COUNT            = 6
2026-05-28 09:54:11 | DEBUG | C03 | PRODUCER_MESSAGE_INTERVAL_SECONDS = 2
2026-05-28 09:54:11 | DEBUG | C03 | KAFKA_GROUP_ID                    = streaming-consumer-group-A
2026-05-28 09:54:11 | DEBUG | C03 | KAFKA_AUTO_OFFSET_RESET           = earliest
2026-05-28 09:54:11 | DEBUG | C03 | CONSUMER_TIMEOUT_SECONDS          = 10
2026-05-28 09:54:11 | DEBUG | C03 | CONSUMER_MAX_MESSAGES             = 1000
2026-05-28 09:54:11 | INFO | C03 | === RUN START ===
2026-05-28 09:54:11 | INFO | C03 | project=C03
2026-05-28 09:54:11 | INFO | C03 | repo_dir=streaming-03-analytics
2026-05-28 09:54:11 | INFO | C03 | python=3.14.2
2026-05-28 09:54:11 | INFO | C03 | os=Windows 11
2026-05-28 09:54:11 | INFO | C03 | shell=powershell
2026-05-28 09:54:11 | INFO | C03 | cwd=.
2026-05-28 09:54:11 | INFO | C03 | github_actions=False
2026-05-28 09:54:11 | INFO | C03 | ========================
2026-05-28 09:54:11 | INFO | C03 | START consumer main()
2026-05-28 09:54:11 | INFO | C03 | ========================
2026-05-28 09:54:11 | INFO | C03 | ROOT_DIR = .
2026-05-28 09:54:11 | INFO | C03 | DATA_DIR = data
2026-05-28 09:54:11 | INFO | C03 | OUTPUT_CSV = data\output\consumed_sales_dawson.csv
2026-05-28 09:54:11 | INFO | C03 | REGIONS_CSV = data\regions.csv
2026-05-28 09:54:11 | INFO | C03 | PRODUCTS_CSV = data\products.csv
2026-05-28 09:54:11 | INFO | C03 | CURRENCIES_CSV = data\currencies.csv
2026-05-28 09:54:11 | INFO | C03 | DISCOUNT_CODES_CSV = data\discount_codes.csv
2026-05-28 09:54:11 | INFO | C03 | ========================
2026-05-28 09:54:11 | INFO | C03 | SECTION A. Acquire
2026-05-28 09:54:11 | INFO | C03 | ========================
2026-05-28 09:54:11 | INFO | C03 | Loading settings from .env...
2026-05-28 09:54:11 | INFO | C03 | KAFKA_BOOTSTRAP_SERVERS  = localhost:9092
2026-05-28 09:54:11 | INFO | C03 | KAFKA_TOPIC              = streaming-03-analytics-dawson
2026-05-28 09:54:11 | INFO | C03 | KAFKA_GROUP_ID           = streaming-consumer-group-A
2026-05-28 09:54:11 | INFO | C03 | CONSUMER_TIMEOUT_SECONDS = 10.0
2026-05-28 09:54:11 | INFO | C03 | CONSUMER_MAX_MESSAGES    = 1000
2026-05-28 09:54:11 | INFO | C03 | Verifying Kafka connection...
2026-05-28 09:54:11 | INFO | C03 | Kafka port is reachable.
2026-05-28 09:54:11 | INFO | C03 | Verifying Kafka topic...
2026-05-28 09:54:15 | INFO | C03 | Topic 'streaming-03-analytics-dawson' exists.
2026-05-28 09:54:15 | INFO | C03 | Found 12 message(s) available.
2026-05-28 09:54:15 | INFO | C03 | Creating Kafka consumer...
2026-05-28 09:54:15 | INFO | C03 | Subscribed to topic: 'streaming-03-analytics-dawson' (reading from beginning)
2026-05-28 09:54:15 | INFO | C03 | ========================
2026-05-28 09:54:15 | INFO | C03 | SECTION C. Consume and Process Messages
2026-05-28 09:54:15 | INFO | C03 | ========================
2026-05-28 09:54:15 | INFO | C03 | Initializing output...
2026-05-28 09:54:15 | INFO | C03 | Output CSV cleared: consumed_sales_dawson.csv
2026-05-28 09:54:15 | INFO | C03 | Loading enrichment reference data...
2026-05-28 09:54:15 | INFO | C03 | Found 6 region tax rates.
2026-05-28 09:54:15 | INFO | C03 | Consuming messages...
2026-05-28 09:54:15 | INFO | C03 | Waiting for up to 1000 message(s).
2026-05-28 09:54:15 | INFO | C03 | Press CTRL+C to stop early.

2026-05-28 09:54:18 | INFO | C03 | {'currency_code': 'USD', 'customer_id': 'CUST-4150', 'customer_note': 'Gift for my team', 'datetime': '2026-05-04T08:11:00Z', 'device_type': 'tablet', 'discount_code': '', 'is_new_customer': 'false', 'is_online': 'true', 'order_id': 'e7324981-a9f0-419f-b708-d0a333451fff', 'payment_method': 'paypal', 'product_id': 'PY-STREAM-005', 'quantity': '3', 'referral_source': 'paid_search', 'region_id': 'US-TX', 'unit_price': '59.99', '_kafka_key': 'US-TX', '_kafka_partition': 0, '_kafka_offset': 0}
2026-05-28 09:54:18 | INFO | C03 | subtotal=179.97
2026-05-28 09:54:18 | INFO | C03 | tax=14.85
2026-05-28 09:54:18 | INFO | C03 | total=194.82
2026-05-28 09:54:18 | INFO | C03 | running_total=194.82
2026-05-28 09:54:18 | INFO | C03 | MESSAGE ACCEPTED
2026-05-28 09:54:18 | INFO | C03 | order=e7324981-a9f0-419f-b708-d0a333451fff
2026-05-28 09:54:18 | INFO | C03 | total=$194.82
2026-05-28 09:54:18 | INFO | C03 | consumed=1
2026-05-28 09:54:18 | INFO | C03 | RUNNING STATS
2026-05-28 09:54:18 | INFO | C03 | total_sales=$194.82
2026-05-28 09:54:18 | INFO | C03 | average=$194.82
2026-05-28 09:54:18 | INFO | C03 | min=$194.82
2026-05-28 09:54:18 | INFO | C03 | max=$194.82
2026-05-28 09:54:18 | INFO | C03 | {'currency_code': 'USD', 'customer_id': 'CUST-1106', 'customer_note': 'Gift for my team', 'datetime': '2026-05-04T08:23:00Z', 'device_type': 'mobile', 'discount_code': '', 'is_new_customer': 'false', 'is_online': 'true', 'order_id': 'd61943e0-f543-4b5f-9c9a-18605ea4cfe5', 'payment_method': 'paypal', 'product_id': 'PY-DATA-002', 'quantity': '1', 'referral_source': 'paid_search', 'region_id': 'US-TX', 'unit_price': '49.99', '_kafka_key': 'US-TX', '_kafka_partition': 0, '_kafka_offset': 1}
2026-05-28 09:54:18 | INFO | C03 | subtotal=49.99
2026-05-28 09:54:18 | INFO | C03 | tax=4.12
2026-05-28 09:54:18 | INFO | C03 | total=54.11
2026-05-28 09:54:18 | INFO | C03 | running_total=248.93
2026-05-28 09:54:18 | INFO | C03 | MESSAGE ACCEPTED
2026-05-28 09:54:18 | INFO | C03 | order=d61943e0-f543-4b5f-9c9a-18605ea4cfe5
2026-05-28 09:54:18 | INFO | C03 | total=$54.11
2026-05-28 09:54:18 | INFO | C03 | consumed=2
2026-05-28 09:54:18 | INFO | C03 | RUNNING STATS
2026-05-28 09:54:18 | INFO | C03 | total_sales=$248.93
2026-05-28 09:54:18 | INFO | C03 | average=$124.47
2026-05-28 09:54:18 | INFO | C03 | min=$54.11
2026-05-28 09:54:18 | INFO | C03 | max=$194.82
2026-05-28 09:54:18 | INFO | C03 | {'currency_code': 'CAD', 'customer_id': 'CUST-2133', 'customer_note': 'Learning at my own pace', 'datetime': '2026-05-04T08:28:00Z', 'device_type': 'desktop', 'discount_code': '', 'is_new_customer': 'false', 'is_online': 'true', 'order_id': '14da1915-8e74-47be-9e10-f7275d31af46', 'payment_method': 'paypal', 'product_id': 'PY-NLP-006', 'quantity': '1', 'referral_source': 'organic', 'region_id': 'CA-QC', 'unit_price': '54.99', '_kafka_key': 'CA-QC', '_kafka_partition': 0, '_kafka_offset': 2}
2026-05-28 09:54:18 | INFO | C03 | subtotal=54.99
2026-05-28 09:54:18 | INFO | C03 | tax=8.23
2026-05-28 09:54:18 | INFO | C03 | total=63.22
2026-05-28 09:54:18 | INFO | C03 | running_total=312.15
2026-05-28 09:54:18 | INFO | C03 | MESSAGE ACCEPTED
2026-05-28 09:54:18 | INFO | C03 | order=14da1915-8e74-47be-9e10-f7275d31af46
2026-05-28 09:54:18 | INFO | C03 | total=$63.22
2026-05-28 09:54:18 | INFO | C03 | consumed=3
2026-05-28 09:54:18 | INFO | C03 | RUNNING STATS
2026-05-28 09:54:18 | INFO | C03 | total_sales=$312.15
2026-05-28 09:54:18 | INFO | C03 | average=$104.05
2026-05-28 09:54:18 | INFO | C03 | min=$54.11
2026-05-28 09:54:18 | INFO | C03 | max=$194.82
2026-05-28 09:54:18 | INFO | C03 | {'currency_code': 'USD', 'customer_id': 'CUST-5333', 'customer_note': 'Highly recommend', 'datetime': '2026-05-04T08:40:00Z', 'device_type': 'mobile', 'discount_code': '', 'is_new_customer': 'false', 'is_online': 'true', 'order_id': 'd77ed935-9b28-431d-bc25-0a3fd98f4154', 'payment_method': 'paypal', 'product_id': 'PY-STREAM-005', 'quantity': '1', 'referral_source': 'organic', 'region_id': 'US-CA', 'unit_price': '59.99', '_kafka_key': 'US-CA', '_kafka_partition': 0, '_kafka_offset': 3}
2026-05-28 09:54:18 | INFO | C03 | subtotal=59.99
2026-05-28 09:54:18 | INFO | C03 | tax=5.7
2026-05-28 09:54:18 | INFO | C03 | total=65.69
2026-05-28 09:54:18 | INFO | C03 | running_total=377.84
2026-05-28 09:54:18 | INFO | C03 | MESSAGE ACCEPTED
2026-05-28 09:54:18 | INFO | C03 | order=d77ed935-9b28-431d-bc25-0a3fd98f4154
2026-05-28 09:54:18 | INFO | C03 | total=$65.69
2026-05-28 09:54:18 | INFO | C03 | consumed=4
2026-05-28 09:54:18 | INFO | C03 | RUNNING STATS
2026-05-28 09:54:18 | INFO | C03 | total_sales=$377.84
2026-05-28 09:54:18 | INFO | C03 | average=$94.46
2026-05-28 09:54:18 | INFO | C03 | min=$54.11
2026-05-28 09:54:18 | INFO | C03 | max=$194.82
2026-05-28 09:54:18 | INFO | C03 | {'currency_code': 'USD', 'customer_id': 'CUST-8573', 'customer_note': 'Learning at my own pace', 'datetime': '2026-05-04T08:41:00Z', 'device_type': 'mobile', 'discount_code': '', 'is_new_customer': 'false', 'is_online': 'true', 'order_id': '24b91995-25f8-4ad7-8fa6-2e4c15750e5e', 'payment_method': 'apple_pay', 'product_id': 'PY-VIZ-003', 'quantity': '1', 'referral_source': 'paid_search', 'region_id': 'US-MO', 'unit_price': '39.99', '_kafka_key': 'US-MO', '_kafka_partition': 0, '_kafka_offset': 4}
2026-05-28 09:54:18 | INFO | C03 | subtotal=39.99
2026-05-28 09:54:18 | INFO | C03 | tax=3.2
2026-05-28 09:54:18 | INFO | C03 | total=43.19
2026-05-28 09:54:18 | INFO | C03 | running_total=421.03
2026-05-28 09:54:18 | INFO | C03 | MESSAGE ACCEPTED
2026-05-28 09:54:18 | INFO | C03 | order=24b91995-25f8-4ad7-8fa6-2e4c15750e5e
2026-05-28 09:54:18 | INFO | C03 | total=$43.19
2026-05-28 09:54:18 | INFO | C03 | consumed=5
2026-05-28 09:54:18 | INFO | C03 | RUNNING STATS
2026-05-28 09:54:18 | INFO | C03 | total_sales=$421.03
2026-05-28 09:54:18 | INFO | C03 | average=$84.21
2026-05-28 09:54:18 | INFO | C03 | min=$43.19
2026-05-28 09:54:18 | INFO | C03 | max=$194.82
2026-05-28 09:54:18 | INFO | C03 | {'currency_code': 'CAD', 'customer_id': 'CUST-8062', 'customer_note': '', 'datetime': '2026-05-04T08:54:00Z', 'device_type': 'tablet', 'discount_code': '', 'is_new_customer': 'false', 'is_online': 'true', 'order_id': '1ec0fc8b-998c-4f43-8a66-19e1fa7d5fa8', 'payment_method': 'paypal', 'product_id': 'PY-SQL-004', 'quantity': '1', 'referral_source': 'organic', 'region_id': 'CA-ON', 'unit_price': '44.99', '_kafka_key': 'CA-ON', '_kafka_partition': 0, '_kafka_offset': 5}
2026-05-28 09:54:18 | INFO | C03 | subtotal=44.99
2026-05-28 09:54:18 | INFO | C03 | tax=5.85
2026-05-28 09:54:18 | INFO | C03 | total=50.84
2026-05-28 09:54:18 | INFO | C03 | running_total=471.87
2026-05-28 09:54:18 | INFO | C03 | MESSAGE ACCEPTED
2026-05-28 09:54:18 | INFO | C03 | order=1ec0fc8b-998c-4f43-8a66-19e1fa7d5fa8
2026-05-28 09:54:18 | INFO | C03 | total=$50.84
2026-05-28 09:54:18 | INFO | C03 | consumed=6
2026-05-28 09:54:18 | INFO | C03 | RUNNING STATS
2026-05-28 09:54:18 | INFO | C03 | total_sales=$471.87
2026-05-28 09:54:18 | INFO | C03 | average=$78.64
2026-05-28 09:54:18 | INFO | C03 | min=$43.19
2026-05-28 09:54:18 | INFO | C03 | max=$194.82
2026-05-28 09:54:18 | INFO | C03 | {'currency_code': 'USD', 'customer_id': 'CUST-4150', 'customer_note': 'Gift for my team', 'datetime': '2026-05-04T08:11:00Z', 'device_type': 'tablet', 'discount_code': '', 'is_new_customer': 'false', 'is_online': 'true', 'order_id': 'e7324981-a9f0-419f-b708-d0a333451fff', 'payment_method': 'paypal', 'product_id': 'PY-STREAM-005', 'quantity': '3', 'referral_source': 'paid_search', 'region_id': 'US-TX', 'unit_price': '59.99', '_kafka_key': 'US-TX', '_kafka_partition': 0, '_kafka_offset': 6}
2026-05-28 09:54:18 | INFO | C03 | subtotal=179.97
2026-05-28 09:54:18 | INFO | C03 | tax=14.85
2026-05-28 09:54:18 | INFO | C03 | total=194.82
2026-05-28 09:54:18 | INFO | C03 | running_total=666.69
2026-05-28 09:54:18 | INFO | C03 | MESSAGE ACCEPTED
2026-05-28 09:54:18 | INFO | C03 | order=e7324981-a9f0-419f-b708-d0a333451fff
2026-05-28 09:54:18 | INFO | C03 | total=$194.82
2026-05-28 09:54:18 | INFO | C03 | consumed=7
2026-05-28 09:54:18 | INFO | C03 | RUNNING STATS
2026-05-28 09:54:18 | INFO | C03 | total_sales=$666.69
2026-05-28 09:54:18 | INFO | C03 | average=$95.24
2026-05-28 09:54:18 | INFO | C03 | min=$43.19
2026-05-28 09:54:18 | INFO | C03 | max=$194.82
2026-05-28 09:54:18 | INFO | C03 | {'currency_code': 'USD', 'customer_id': 'CUST-1106', 'customer_note': 'Gift for my team', 'datetime': '2026-05-04T08:23:00Z', 'device_type': 'mobile', 'discount_code': '', 'is_new_customer': 'false', 'is_online': 'true', 'order_id': 'd61943e0-f543-4b5f-9c9a-18605ea4cfe5', 'payment_method': 'paypal', 'product_id': 'PY-DATA-002', 'quantity': '1', 'referral_source': 'paid_search', 'region_id': 'US-TX', 'unit_price': '49.99', '_kafka_key': 'US-TX', '_kafka_partition': 0, '_kafka_offset': 7}
2026-05-28 09:54:18 | INFO | C03 | subtotal=49.99
2026-05-28 09:54:18 | INFO | C03 | tax=4.12
2026-05-28 09:54:18 | INFO | C03 | total=54.11
2026-05-28 09:54:18 | INFO | C03 | running_total=720.80
2026-05-28 09:54:18 | INFO | C03 | MESSAGE ACCEPTED
2026-05-28 09:54:18 | INFO | C03 | order=d61943e0-f543-4b5f-9c9a-18605ea4cfe5
2026-05-28 09:54:18 | INFO | C03 | total=$54.11
2026-05-28 09:54:18 | INFO | C03 | consumed=8
2026-05-28 09:54:18 | INFO | C03 | RUNNING STATS
2026-05-28 09:54:18 | INFO | C03 | total_sales=$720.80
2026-05-28 09:54:18 | INFO | C03 | average=$90.10
2026-05-28 09:54:18 | INFO | C03 | min=$43.19
2026-05-28 09:54:18 | INFO | C03 | max=$194.82
2026-05-28 09:54:18 | INFO | C03 | {'currency_code': 'CAD', 'customer_id': 'CUST-2133', 'customer_note': 'Learning at my own pace', 'datetime': '2026-05-04T08:28:00Z', 'device_type': 'desktop', 'discount_code': '', 'is_new_customer': 'false', 'is_online': 'true', 'order_id': '14da1915-8e74-47be-9e10-f7275d31af46', 'payment_method': 'paypal', 'product_id': 'PY-NLP-006', 'quantity': '1', 'referral_source': 'organic', 'region_id': 'CA-QC', 'unit_price': '54.99', '_kafka_key': 'CA-QC', '_kafka_partition': 0, '_kafka_offset': 8}
2026-05-28 09:54:18 | INFO | C03 | subtotal=54.99
2026-05-28 09:54:18 | INFO | C03 | tax=8.23
2026-05-28 09:54:18 | INFO | C03 | total=63.22
2026-05-28 09:54:18 | INFO | C03 | running_total=784.02
2026-05-28 09:54:18 | INFO | C03 | MESSAGE ACCEPTED
2026-05-28 09:54:18 | INFO | C03 | order=14da1915-8e74-47be-9e10-f7275d31af46
2026-05-28 09:54:18 | INFO | C03 | total=$63.22
2026-05-28 09:54:18 | INFO | C03 | consumed=9
2026-05-28 09:54:18 | INFO | C03 | RUNNING STATS
2026-05-28 09:54:18 | INFO | C03 | total_sales=$784.02
2026-05-28 09:54:18 | INFO | C03 | average=$87.11
2026-05-28 09:54:18 | INFO | C03 | min=$43.19
2026-05-28 09:54:18 | INFO | C03 | max=$194.82
2026-05-28 09:54:18 | INFO | C03 | {'currency_code': 'USD', 'customer_id': 'CUST-5333', 'customer_note': 'Highly recommend', 'datetime': '2026-05-04T08:40:00Z', 'device_type': 'mobile', 'discount_code': '', 'is_new_customer': 'false', 'is_online': 'true', 'order_id': 'd77ed935-9b28-431d-bc25-0a3fd98f4154', 'payment_method': 'paypal', 'product_id': 'PY-STREAM-005', 'quantity': '1', 'referral_source': 'organic', 'region_id': 'US-CA', 'unit_price': '59.99', '_kafka_key': 'US-CA', '_kafka_partition': 0, '_kafka_offset': 9}
2026-05-28 09:54:18 | INFO | C03 | subtotal=59.99
2026-05-28 09:54:18 | INFO | C03 | tax=5.7
2026-05-28 09:54:18 | INFO | C03 | total=65.69
2026-05-28 09:54:18 | INFO | C03 | running_total=849.71
2026-05-28 09:54:18 | INFO | C03 | MESSAGE ACCEPTED
2026-05-28 09:54:18 | INFO | C03 | order=d77ed935-9b28-431d-bc25-0a3fd98f4154
2026-05-28 09:54:18 | INFO | C03 | total=$65.69
2026-05-28 09:54:18 | INFO | C03 | consumed=10
2026-05-28 09:54:18 | INFO | C03 | RUNNING STATS
2026-05-28 09:54:18 | INFO | C03 | total_sales=$849.71
2026-05-28 09:54:18 | INFO | C03 | average=$84.97
2026-05-28 09:54:18 | INFO | C03 | min=$43.19
2026-05-28 09:54:18 | INFO | C03 | max=$194.82
2026-05-28 09:54:18 | INFO | C03 | {'currency_code': 'USD', 'customer_id': 'CUST-8573', 'customer_note': 'Learning at my own pace', 'datetime': '2026-05-04T08:41:00Z', 'device_type': 'mobile', 'discount_code': '', 'is_new_customer': 'false', 'is_online': 'true', 'order_id': '24b91995-25f8-4ad7-8fa6-2e4c15750e5e', 'payment_method': 'apple_pay', 'product_id': 'PY-VIZ-003', 'quantity': '1', 'referral_source': 'paid_search', 'region_id': 'US-MO', 'unit_price': '39.99', '_kafka_key': 'US-MO', '_kafka_partition': 0, '_kafka_offset': 10}
2026-05-28 09:54:18 | INFO | C03 | subtotal=39.99
2026-05-28 09:54:18 | INFO | C03 | tax=3.2
2026-05-28 09:54:18 | INFO | C03 | total=43.19
2026-05-28 09:54:18 | INFO | C03 | running_total=892.90
2026-05-28 09:54:18 | INFO | C03 | MESSAGE ACCEPTED
2026-05-28 09:54:18 | INFO | C03 | order=24b91995-25f8-4ad7-8fa6-2e4c15750e5e
2026-05-28 09:54:18 | INFO | C03 | total=$43.19
2026-05-28 09:54:18 | INFO | C03 | consumed=11
2026-05-28 09:54:18 | INFO | C03 | RUNNING STATS
2026-05-28 09:54:18 | INFO | C03 | total_sales=$892.90
2026-05-28 09:54:18 | INFO | C03 | average=$81.17
2026-05-28 09:54:18 | INFO | C03 | min=$43.19
2026-05-28 09:54:18 | INFO | C03 | max=$194.82
2026-05-28 09:54:18 | INFO | C03 | {'currency_code': 'CAD', 'customer_id': 'CUST-8062', 'customer_note': '', 'datetime': '2026-05-04T08:54:00Z', 'device_type': 'tablet', 'discount_code': '', 'is_new_customer': 'false', 'is_online': 'true', 'order_id': '1ec0fc8b-998c-4f43-8a66-19e1fa7d5fa8', 'payment_method': 'paypal', 'product_id': 'PY-SQL-004', 'quantity': '1', 'referral_source': 'organic', 'region_id': 'CA-ON', 'unit_price': '44.99', '_kafka_key': 'CA-ON', '_kafka_partition': 0, '_kafka_offset': 11}
2026-05-28 09:54:18 | INFO | C03 | subtotal=44.99
2026-05-28 09:54:18 | INFO | C03 | tax=5.85
2026-05-28 09:54:18 | INFO | C03 | total=50.84
2026-05-28 09:54:18 | INFO | C03 | running_total=943.74
2026-05-28 09:54:18 | INFO | C03 | MESSAGE ACCEPTED
2026-05-28 09:54:18 | INFO | C03 | order=1ec0fc8b-998c-4f43-8a66-19e1fa7d5fa8
2026-05-28 09:54:18 | INFO | C03 | total=$50.84
2026-05-28 09:54:18 | INFO | C03 | consumed=12
2026-05-28 09:54:18 | INFO | C03 | RUNNING STATS
2026-05-28 09:54:18 | INFO | C03 | total_sales=$943.74
2026-05-28 09:54:18 | INFO | C03 | average=$78.65
2026-05-28 09:54:18 | INFO | C03 | min=$43.19
2026-05-28 09:54:18 | INFO | C03 | max=$194.82
2026-05-28 09:54:29 | INFO | C03 | No message received within 10.0s timeout.
2026-05-28 09:54:29 | INFO | C03 | Producer finished or paused. Stopping consumer.
2026-05-28 09:54:29 | INFO | C03 | Kafka consumer closed.
2026-05-28 09:54:29 | INFO | C03 | ========================
2026-05-28 09:54:29 | INFO | C03 | SECTION E. Exit
2026-05-28 09:54:29 | INFO | C03 | ========================
2026-05-28 09:54:29 | INFO | C03 | Summary:
2026-05-28 09:54:29 | INFO | C03 | Consumed 12 message(s) from topic 'streaming-03-analytics-dawson'.
2026-05-28 09:54:29 | INFO | C03 | Skipped  0 message(s).
2026-05-28 09:54:29 | INFO | C03 | OUTPUT_CSV = data\output\consumed_sales_dawson.csv
2026-05-28 09:54:29 | INFO | C03 |   Total sales:  $943.74
2026-05-28 09:54:29 | INFO | C03 |   Average sale: $78.65
2026-05-28 09:54:29 | INFO | C03 |   Minimum sale: $43.19
2026-05-28 09:54:29 | INFO | C03 |   Maximum sale: $194.82
2026-05-28 09:54:29 | INFO | C03 | ========================
2026-05-28 09:54:29 | INFO | C03 | Consumer executed successfully!
2026-05-28 09:54:29 | INFO | C03 | ========================
2026-05-28 10:09:34 | DEBUG | C03 | KAFKA_BOOTSTRAP_SERVERS           = localhost:9092
2026-05-28 10:09:34 | DEBUG | C03 | KAFKA_BROKER_ADDRESS_FAMILY       = v6
2026-05-28 10:09:34 | DEBUG | C03 | KAFKA_TOPIC                       = streaming-03-analytics-dawson
2026-05-28 10:09:34 | DEBUG | C03 | KAFKA_CLEAR_TOPIC_ON_START        = true
2026-05-28 10:09:34 | DEBUG | C03 | PRODUCER_MESSAGE_COUNT            = 6
2026-05-28 10:09:34 | DEBUG | C03 | PRODUCER_MESSAGE_INTERVAL_SECONDS = 2
2026-05-28 10:09:34 | DEBUG | C03 | KAFKA_GROUP_ID                    = streaming-consumer-group-A
2026-05-28 10:09:34 | DEBUG | C03 | KAFKA_AUTO_OFFSET_RESET           = earliest
2026-05-28 10:09:34 | DEBUG | C03 | CONSUMER_TIMEOUT_SECONDS          = 10
2026-05-28 10:09:34 | DEBUG | C03 | CONSUMER_MAX_MESSAGES             = 1000
2026-05-28 10:09:34 | INFO | C03 | === RUN START ===
2026-05-28 10:09:34 | INFO | C03 | project=C03
2026-05-28 10:09:34 | INFO | C03 | repo_dir=streaming-03-analytics
2026-05-28 10:09:34 | INFO | C03 | python=3.14.2
2026-05-28 10:09:34 | INFO | C03 | os=Windows 11
2026-05-28 10:09:34 | INFO | C03 | shell=powershell
2026-05-28 10:09:34 | INFO | C03 | cwd=.
2026-05-28 10:09:34 | INFO | C03 | github_actions=False
2026-05-28 10:09:34 | INFO | C03 | ========================
2026-05-28 10:09:34 | INFO | C03 | START consumer main()
2026-05-28 10:09:34 | INFO | C03 | ========================
2026-05-28 10:09:34 | INFO | C03 | ROOT_DIR = .
2026-05-28 10:09:34 | INFO | C03 | DATA_DIR = data
2026-05-28 10:09:34 | INFO | C03 | OUTPUT_CSV = data\output\consumed_sales_dawson.csv
2026-05-28 10:09:34 | INFO | C03 | REGIONS_CSV = data\regions.csv
2026-05-28 10:09:34 | INFO | C03 | PRODUCTS_CSV = data\products.csv
2026-05-28 10:09:34 | INFO | C03 | CURRENCIES_CSV = data\currencies.csv
2026-05-28 10:09:34 | INFO | C03 | DISCOUNT_CODES_CSV = data\discount_codes.csv
2026-05-28 10:09:34 | INFO | C03 | ========================
2026-05-28 10:09:34 | INFO | C03 | SECTION A. Acquire
2026-05-28 10:09:34 | INFO | C03 | ========================
2026-05-28 10:09:34 | INFO | C03 | Loading settings from .env...
2026-05-28 10:09:34 | INFO | C03 | KAFKA_BOOTSTRAP_SERVERS  = localhost:9092
2026-05-28 10:09:34 | INFO | C03 | KAFKA_TOPIC              = streaming-03-analytics-dawson
2026-05-28 10:09:34 | INFO | C03 | KAFKA_GROUP_ID           = streaming-consumer-group-A
2026-05-28 10:09:34 | INFO | C03 | CONSUMER_TIMEOUT_SECONDS = 10.0
2026-05-28 10:09:34 | INFO | C03 | CONSUMER_MAX_MESSAGES    = 1000
2026-05-28 10:09:34 | INFO | C03 | Verifying Kafka connection...
2026-05-28 10:09:34 | INFO | C03 | Kafka port is reachable.
2026-05-28 10:09:34 | INFO | C03 | Verifying Kafka topic...
2026-05-28 10:09:42 | INFO | C03 | Topic 'streaming-03-analytics-dawson' exists.
2026-05-28 10:09:42 | INFO | C03 | Found 12 message(s) available.
2026-05-28 10:09:42 | INFO | C03 | Creating Kafka consumer...
2026-05-28 10:09:42 | INFO | C03 | Subscribed to topic: 'streaming-03-analytics-dawson' (reading from beginning)
2026-05-28 10:09:42 | INFO | C03 | ========================
2026-05-28 10:09:42 | INFO | C03 | SECTION C. Consume and Process Messages
2026-05-28 10:09:42 | INFO | C03 | ========================
2026-05-28 10:09:42 | INFO | C03 | Initializing output...
2026-05-28 10:09:42 | INFO | C03 | Output CSV cleared: consumed_sales_dawson.csv
2026-05-28 10:09:42 | INFO | C03 | Loading enrichment reference data...
2026-05-28 10:09:42 | INFO | C03 | Found 6 region tax rates.
2026-05-28 10:09:42 | INFO | C03 | Consuming messages...
2026-05-28 10:09:42 | INFO | C03 | Waiting for up to 1000 message(s).
2026-05-28 10:09:42 | INFO | C03 | Press CTRL+C to stop early.

2026-05-28 10:09:45 | INFO | C03 | {'currency_code': 'USD', 'customer_id': 'CUST-4150', 'customer_note': 'Gift for my team', 'datetime': '2026-05-04T08:11:00Z', 'device_type': 'tablet', 'discount_code': '', 'is_new_customer': 'false', 'is_online': 'true', 'order_id': 'e7324981-a9f0-419f-b708-d0a333451fff', 'payment_method': 'paypal', 'product_id': 'PY-STREAM-005', 'quantity': '3', 'referral_source': 'paid_search', 'region_id': 'US-TX', 'unit_price': '59.99', '_kafka_key': 'US-TX', '_kafka_partition': 0, '_kafka_offset': 0}
2026-05-28 10:09:45 | INFO | C03 | subtotal=179.97
2026-05-28 10:09:45 | INFO | C03 | tax=14.85
2026-05-28 10:09:45 | INFO | C03 | total=194.82
2026-05-28 10:09:45 | INFO | C03 | running_total=194.82
2026-05-28 10:09:45 | INFO | C03 | MESSAGE ACCEPTED
2026-05-28 10:09:45 | INFO | C03 | order=e7324981-a9f0-419f-b708-d0a333451fff
2026-05-28 10:09:45 | INFO | C03 | total=$194.82
2026-05-28 10:09:45 | INFO | C03 | consumed=1
2026-05-28 10:09:45 | INFO | C03 | RUNNING STATS
2026-05-28 10:09:45 | INFO | C03 | total_sales=$194.82
2026-05-28 10:09:45 | INFO | C03 | average=$194.82
2026-05-28 10:09:45 | INFO | C03 | min=$194.82
2026-05-28 10:09:45 | INFO | C03 | max=$194.82
2026-05-28 10:09:45 | INFO | C03 | {'currency_code': 'USD', 'customer_id': 'CUST-1106', 'customer_note': 'Gift for my team', 'datetime': '2026-05-04T08:23:00Z', 'device_type': 'mobile', 'discount_code': '', 'is_new_customer': 'false', 'is_online': 'true', 'order_id': 'd61943e0-f543-4b5f-9c9a-18605ea4cfe5', 'payment_method': 'paypal', 'product_id': 'PY-DATA-002', 'quantity': '1', 'referral_source': 'paid_search', 'region_id': 'US-TX', 'unit_price': '49.99', '_kafka_key': 'US-TX', '_kafka_partition': 0, '_kafka_offset': 1}
2026-05-28 10:09:45 | INFO | C03 | subtotal=49.99
2026-05-28 10:09:45 | INFO | C03 | tax=4.12
2026-05-28 10:09:45 | INFO | C03 | total=54.11
2026-05-28 10:09:45 | INFO | C03 | running_total=248.93
2026-05-28 10:09:45 | INFO | C03 | MESSAGE ACCEPTED
2026-05-28 10:09:45 | INFO | C03 | order=d61943e0-f543-4b5f-9c9a-18605ea4cfe5
2026-05-28 10:09:45 | INFO | C03 | total=$54.11
2026-05-28 10:09:45 | INFO | C03 | consumed=2
2026-05-28 10:09:45 | INFO | C03 | RUNNING STATS
2026-05-28 10:09:45 | INFO | C03 | total_sales=$248.93
2026-05-28 10:09:45 | INFO | C03 | average=$124.47
2026-05-28 10:09:45 | INFO | C03 | min=$54.11
2026-05-28 10:09:45 | INFO | C03 | max=$194.82
2026-05-28 10:09:45 | INFO | C03 | {'currency_code': 'CAD', 'customer_id': 'CUST-2133', 'customer_note': 'Learning at my own pace', 'datetime': '2026-05-04T08:28:00Z', 'device_type': 'desktop', 'discount_code': '', 'is_new_customer': 'false', 'is_online': 'true', 'order_id': '14da1915-8e74-47be-9e10-f7275d31af46', 'payment_method': 'paypal', 'product_id': 'PY-NLP-006', 'quantity': '1', 'referral_source': 'organic', 'region_id': 'CA-QC', 'unit_price': '54.99', '_kafka_key': 'CA-QC', '_kafka_partition': 0, '_kafka_offset': 2}
2026-05-28 10:09:45 | INFO | C03 | subtotal=54.99
2026-05-28 10:09:45 | INFO | C03 | tax=8.23
2026-05-28 10:09:45 | INFO | C03 | total=63.22
2026-05-28 10:09:45 | INFO | C03 | running_total=312.15
2026-05-28 10:09:45 | INFO | C03 | MESSAGE ACCEPTED
2026-05-28 10:09:45 | INFO | C03 | order=14da1915-8e74-47be-9e10-f7275d31af46
2026-05-28 10:09:45 | INFO | C03 | total=$63.22
2026-05-28 10:09:45 | INFO | C03 | consumed=3
2026-05-28 10:09:45 | INFO | C03 | RUNNING STATS
2026-05-28 10:09:45 | INFO | C03 | total_sales=$312.15
2026-05-28 10:09:45 | INFO | C03 | average=$104.05
2026-05-28 10:09:45 | INFO | C03 | min=$54.11
2026-05-28 10:09:45 | INFO | C03 | max=$194.82
2026-05-28 10:09:45 | INFO | C03 | {'currency_code': 'USD', 'customer_id': 'CUST-5333', 'customer_note': 'Highly recommend', 'datetime': '2026-05-04T08:40:00Z', 'device_type': 'mobile', 'discount_code': '', 'is_new_customer': 'false', 'is_online': 'true', 'order_id': 'd77ed935-9b28-431d-bc25-0a3fd98f4154', 'payment_method': 'paypal', 'product_id': 'PY-STREAM-005', 'quantity': '1', 'referral_source': 'organic', 'region_id': 'US-CA', 'unit_price': '59.99', '_kafka_key': 'US-CA', '_kafka_partition': 0, '_kafka_offset': 3}
2026-05-28 10:09:45 | INFO | C03 | subtotal=59.99
2026-05-28 10:09:45 | INFO | C03 | tax=5.7
2026-05-28 10:09:45 | INFO | C03 | total=65.69
2026-05-28 10:09:45 | INFO | C03 | running_total=377.84
2026-05-28 10:09:45 | INFO | C03 | MESSAGE ACCEPTED
2026-05-28 10:09:45 | INFO | C03 | order=d77ed935-9b28-431d-bc25-0a3fd98f4154
2026-05-28 10:09:45 | INFO | C03 | total=$65.69
2026-05-28 10:09:45 | INFO | C03 | consumed=4
2026-05-28 10:09:45 | INFO | C03 | RUNNING STATS
2026-05-28 10:09:45 | INFO | C03 | total_sales=$377.84
2026-05-28 10:09:45 | INFO | C03 | average=$94.46
2026-05-28 10:09:45 | INFO | C03 | min=$54.11
2026-05-28 10:09:45 | INFO | C03 | max=$194.82
2026-05-28 10:09:45 | INFO | C03 | {'currency_code': 'USD', 'customer_id': 'CUST-8573', 'customer_note': 'Learning at my own pace', 'datetime': '2026-05-04T08:41:00Z', 'device_type': 'mobile', 'discount_code': '', 'is_new_customer': 'false', 'is_online': 'true', 'order_id': '24b91995-25f8-4ad7-8fa6-2e4c15750e5e', 'payment_method': 'apple_pay', 'product_id': 'PY-VIZ-003', 'quantity': '1', 'referral_source': 'paid_search', 'region_id': 'US-MO', 'unit_price': '39.99', '_kafka_key': 'US-MO', '_kafka_partition': 0, '_kafka_offset': 4}
2026-05-28 10:09:45 | INFO | C03 | subtotal=39.99
2026-05-28 10:09:45 | INFO | C03 | tax=3.2
2026-05-28 10:09:45 | INFO | C03 | total=43.19
2026-05-28 10:09:45 | INFO | C03 | running_total=421.03
2026-05-28 10:09:45 | INFO | C03 | MESSAGE ACCEPTED
2026-05-28 10:09:45 | INFO | C03 | order=24b91995-25f8-4ad7-8fa6-2e4c15750e5e
2026-05-28 10:09:45 | INFO | C03 | total=$43.19
2026-05-28 10:09:45 | INFO | C03 | consumed=5
2026-05-28 10:09:45 | INFO | C03 | RUNNING STATS
2026-05-28 10:09:45 | INFO | C03 | total_sales=$421.03
2026-05-28 10:09:45 | INFO | C03 | average=$84.21
2026-05-28 10:09:45 | INFO | C03 | min=$43.19
2026-05-28 10:09:45 | INFO | C03 | max=$194.82
2026-05-28 10:09:45 | INFO | C03 | {'currency_code': 'CAD', 'customer_id': 'CUST-8062', 'customer_note': '', 'datetime': '2026-05-04T08:54:00Z', 'device_type': 'tablet', 'discount_code': '', 'is_new_customer': 'false', 'is_online': 'true', 'order_id': '1ec0fc8b-998c-4f43-8a66-19e1fa7d5fa8', 'payment_method': 'paypal', 'product_id': 'PY-SQL-004', 'quantity': '1', 'referral_source': 'organic', 'region_id': 'CA-ON', 'unit_price': '44.99', '_kafka_key': 'CA-ON', '_kafka_partition': 0, '_kafka_offset': 5}
2026-05-28 10:09:45 | INFO | C03 | subtotal=44.99
2026-05-28 10:09:45 | INFO | C03 | tax=5.85
2026-05-28 10:09:45 | INFO | C03 | total=50.84
2026-05-28 10:09:45 | INFO | C03 | running_total=471.87
2026-05-28 10:09:45 | INFO | C03 | MESSAGE ACCEPTED
2026-05-28 10:09:45 | INFO | C03 | order=1ec0fc8b-998c-4f43-8a66-19e1fa7d5fa8
2026-05-28 10:09:45 | INFO | C03 | total=$50.84
2026-05-28 10:09:45 | INFO | C03 | consumed=6
2026-05-28 10:09:45 | INFO | C03 | RUNNING STATS
2026-05-28 10:09:45 | INFO | C03 | total_sales=$471.87
2026-05-28 10:09:45 | INFO | C03 | average=$78.64
2026-05-28 10:09:45 | INFO | C03 | min=$43.19
2026-05-28 10:09:45 | INFO | C03 | max=$194.82
2026-05-28 10:09:45 | INFO | C03 | {'currency_code': 'USD', 'customer_id': 'CUST-4150', 'customer_note': 'Gift for my team', 'datetime': '2026-05-04T08:11:00Z', 'device_type': 'tablet', 'discount_code': '', 'is_new_customer': 'false', 'is_online': 'true', 'order_id': 'e7324981-a9f0-419f-b708-d0a333451fff', 'payment_method': 'paypal', 'product_id': 'PY-STREAM-005', 'quantity': '3', 'referral_source': 'paid_search', 'region_id': 'US-TX', 'unit_price': '59.99', '_kafka_key': 'US-TX', '_kafka_partition': 0, '_kafka_offset': 6}
2026-05-28 10:09:45 | INFO | C03 | subtotal=179.97
2026-05-28 10:09:45 | INFO | C03 | tax=14.85
2026-05-28 10:09:45 | INFO | C03 | total=194.82
2026-05-28 10:09:45 | INFO | C03 | running_total=666.69
2026-05-28 10:09:45 | INFO | C03 | MESSAGE ACCEPTED
2026-05-28 10:09:45 | INFO | C03 | order=e7324981-a9f0-419f-b708-d0a333451fff
2026-05-28 10:09:45 | INFO | C03 | total=$194.82
2026-05-28 10:09:45 | INFO | C03 | consumed=7
2026-05-28 10:09:45 | INFO | C03 | RUNNING STATS
2026-05-28 10:09:45 | INFO | C03 | total_sales=$666.69
2026-05-28 10:09:45 | INFO | C03 | average=$95.24
2026-05-28 10:09:45 | INFO | C03 | min=$43.19
2026-05-28 10:09:45 | INFO | C03 | max=$194.82
2026-05-28 10:09:45 | INFO | C03 | {'currency_code': 'USD', 'customer_id': 'CUST-1106', 'customer_note': 'Gift for my team', 'datetime': '2026-05-04T08:23:00Z', 'device_type': 'mobile', 'discount_code': '', 'is_new_customer': 'false', 'is_online': 'true', 'order_id': 'd61943e0-f543-4b5f-9c9a-18605ea4cfe5', 'payment_method': 'paypal', 'product_id': 'PY-DATA-002', 'quantity': '1', 'referral_source': 'paid_search', 'region_id': 'US-TX', 'unit_price': '49.99', '_kafka_key': 'US-TX', '_kafka_partition': 0, '_kafka_offset': 7}
2026-05-28 10:09:45 | INFO | C03 | subtotal=49.99
2026-05-28 10:09:45 | INFO | C03 | tax=4.12
2026-05-28 10:09:45 | INFO | C03 | total=54.11
2026-05-28 10:09:45 | INFO | C03 | running_total=720.80
2026-05-28 10:09:45 | INFO | C03 | MESSAGE ACCEPTED
2026-05-28 10:09:45 | INFO | C03 | order=d61943e0-f543-4b5f-9c9a-18605ea4cfe5
2026-05-28 10:09:45 | INFO | C03 | total=$54.11
2026-05-28 10:09:45 | INFO | C03 | consumed=8
2026-05-28 10:09:45 | INFO | C03 | RUNNING STATS
2026-05-28 10:09:45 | INFO | C03 | total_sales=$720.80
2026-05-28 10:09:45 | INFO | C03 | average=$90.10
2026-05-28 10:09:45 | INFO | C03 | min=$43.19
2026-05-28 10:09:45 | INFO | C03 | max=$194.82
2026-05-28 10:09:45 | INFO | C03 | {'currency_code': 'CAD', 'customer_id': 'CUST-2133', 'customer_note': 'Learning at my own pace', 'datetime': '2026-05-04T08:28:00Z', 'device_type': 'desktop', 'discount_code': '', 'is_new_customer': 'false', 'is_online': 'true', 'order_id': '14da1915-8e74-47be-9e10-f7275d31af46', 'payment_method': 'paypal', 'product_id': 'PY-NLP-006', 'quantity': '1', 'referral_source': 'organic', 'region_id': 'CA-QC', 'unit_price': '54.99', '_kafka_key': 'CA-QC', '_kafka_partition': 0, '_kafka_offset': 8}
2026-05-28 10:09:45 | INFO | C03 | subtotal=54.99
2026-05-28 10:09:45 | INFO | C03 | tax=8.23
2026-05-28 10:09:45 | INFO | C03 | total=63.22
2026-05-28 10:09:45 | INFO | C03 | running_total=784.02
2026-05-28 10:09:45 | INFO | C03 | MESSAGE ACCEPTED
2026-05-28 10:09:45 | INFO | C03 | order=14da1915-8e74-47be-9e10-f7275d31af46
2026-05-28 10:09:45 | INFO | C03 | total=$63.22
2026-05-28 10:09:45 | INFO | C03 | consumed=9
2026-05-28 10:09:45 | INFO | C03 | RUNNING STATS
2026-05-28 10:09:45 | INFO | C03 | total_sales=$784.02
2026-05-28 10:09:45 | INFO | C03 | average=$87.11
2026-05-28 10:09:45 | INFO | C03 | min=$43.19
2026-05-28 10:09:45 | INFO | C03 | max=$194.82
2026-05-28 10:09:45 | INFO | C03 | {'currency_code': 'USD', 'customer_id': 'CUST-5333', 'customer_note': 'Highly recommend', 'datetime': '2026-05-04T08:40:00Z', 'device_type': 'mobile', 'discount_code': '', 'is_new_customer': 'false', 'is_online': 'true', 'order_id': 'd77ed935-9b28-431d-bc25-0a3fd98f4154', 'payment_method': 'paypal', 'product_id': 'PY-STREAM-005', 'quantity': '1', 'referral_source': 'organic', 'region_id': 'US-CA', 'unit_price': '59.99', '_kafka_key': 'US-CA', '_kafka_partition': 0, '_kafka_offset': 9}
2026-05-28 10:09:45 | INFO | C03 | subtotal=59.99
2026-05-28 10:09:45 | INFO | C03 | tax=5.7
2026-05-28 10:09:45 | INFO | C03 | total=65.69
2026-05-28 10:09:45 | INFO | C03 | running_total=849.71
2026-05-28 10:09:45 | INFO | C03 | MESSAGE ACCEPTED
2026-05-28 10:09:45 | INFO | C03 | order=d77ed935-9b28-431d-bc25-0a3fd98f4154
2026-05-28 10:09:45 | INFO | C03 | total=$65.69
2026-05-28 10:09:45 | INFO | C03 | consumed=10
2026-05-28 10:09:45 | INFO | C03 | RUNNING STATS
2026-05-28 10:09:45 | INFO | C03 | total_sales=$849.71
2026-05-28 10:09:45 | INFO | C03 | average=$84.97
2026-05-28 10:09:45 | INFO | C03 | min=$43.19
2026-05-28 10:09:45 | INFO | C03 | max=$194.82
2026-05-28 10:09:45 | INFO | C03 | {'currency_code': 'USD', 'customer_id': 'CUST-8573', 'customer_note': 'Learning at my own pace', 'datetime': '2026-05-04T08:41:00Z', 'device_type': 'mobile', 'discount_code': '', 'is_new_customer': 'false', 'is_online': 'true', 'order_id': '24b91995-25f8-4ad7-8fa6-2e4c15750e5e', 'payment_method': 'apple_pay', 'product_id': 'PY-VIZ-003', 'quantity': '1', 'referral_source': 'paid_search', 'region_id': 'US-MO', 'unit_price': '39.99', '_kafka_key': 'US-MO', '_kafka_partition': 0, '_kafka_offset': 10}
2026-05-28 10:09:45 | INFO | C03 | subtotal=39.99
2026-05-28 10:09:45 | INFO | C03 | tax=3.2
2026-05-28 10:09:45 | INFO | C03 | total=43.19
2026-05-28 10:09:45 | INFO | C03 | running_total=892.90
2026-05-28 10:09:45 | INFO | C03 | MESSAGE ACCEPTED
2026-05-28 10:09:45 | INFO | C03 | order=24b91995-25f8-4ad7-8fa6-2e4c15750e5e
2026-05-28 10:09:45 | INFO | C03 | total=$43.19
2026-05-28 10:09:45 | INFO | C03 | consumed=11
2026-05-28 10:09:45 | INFO | C03 | RUNNING STATS
2026-05-28 10:09:45 | INFO | C03 | total_sales=$892.90
2026-05-28 10:09:45 | INFO | C03 | average=$81.17
2026-05-28 10:09:45 | INFO | C03 | min=$43.19
2026-05-28 10:09:45 | INFO | C03 | max=$194.82
2026-05-28 10:09:45 | INFO | C03 | {'currency_code': 'CAD', 'customer_id': 'CUST-8062', 'customer_note': '', 'datetime': '2026-05-04T08:54:00Z', 'device_type': 'tablet', 'discount_code': '', 'is_new_customer': 'false', 'is_online': 'true', 'order_id': '1ec0fc8b-998c-4f43-8a66-19e1fa7d5fa8', 'payment_method': 'paypal', 'product_id': 'PY-SQL-004', 'quantity': '1', 'referral_source': 'organic', 'region_id': 'CA-ON', 'unit_price': '44.99', '_kafka_key': 'CA-ON', '_kafka_partition': 0, '_kafka_offset': 11}
2026-05-28 10:09:45 | INFO | C03 | subtotal=44.99
2026-05-28 10:09:45 | INFO | C03 | tax=5.85
2026-05-28 10:09:45 | INFO | C03 | total=50.84
2026-05-28 10:09:45 | INFO | C03 | running_total=943.74
2026-05-28 10:09:45 | INFO | C03 | MESSAGE ACCEPTED
2026-05-28 10:09:45 | INFO | C03 | order=1ec0fc8b-998c-4f43-8a66-19e1fa7d5fa8
2026-05-28 10:09:45 | INFO | C03 | total=$50.84
2026-05-28 10:09:45 | INFO | C03 | consumed=12
2026-05-28 10:09:45 | INFO | C03 | RUNNING STATS
2026-05-28 10:09:45 | INFO | C03 | total_sales=$943.74
2026-05-28 10:09:45 | INFO | C03 | average=$78.65
2026-05-28 10:09:45 | INFO | C03 | min=$43.19
2026-05-28 10:09:45 | INFO | C03 | max=$194.82
2026-05-28 10:09:55 | INFO | C03 | No message received within 10.0s timeout.
2026-05-28 10:09:55 | INFO | C03 | Producer finished or paused. Stopping consumer.
2026-05-28 10:09:55 | INFO | C03 | Kafka consumer closed.
2026-05-28 10:09:55 | INFO | C03 | ========================
2026-05-28 10:09:55 | INFO | C03 | SECTION E. Exit
2026-05-28 10:09:55 | INFO | C03 | ========================
2026-05-28 10:09:55 | INFO | C03 | Summary:
2026-05-28 10:09:55 | INFO | C03 | Consumed 12 message(s) from topic 'streaming-03-analytics-dawson'.
2026-05-28 10:09:55 | INFO | C03 | Skipped  0 message(s).
2026-05-28 10:09:55 | INFO | C03 | OUTPUT_CSV = data\output\consumed_sales_dawson.csv
2026-05-28 10:09:55 | INFO | C03 |   Total sales:  $943.74
2026-05-28 10:09:55 | INFO | C03 |   Average sale: $78.65
2026-05-28 10:09:55 | INFO | C03 |   Minimum sale: $43.19
2026-05-28 10:09:55 | INFO | C03 |   Maximum sale: $194.82
2026-05-28 10:09:55 | INFO | C03 | ========================
2026-05-28 10:09:55 | INFO | C03 | Consumer executed successfully!
2026-05-28 10:09:55 | INFO | C03 | ========================
2026-05-28 10:10:14 | DEBUG | C03 | KAFKA_BOOTSTRAP_SERVERS           = localhost:9092
2026-05-28 10:10:14 | DEBUG | C03 | KAFKA_BROKER_ADDRESS_FAMILY       = v6
2026-05-28 10:10:14 | DEBUG | C03 | KAFKA_TOPIC                       = streaming-03-analytics-dawson
2026-05-28 10:10:14 | DEBUG | C03 | KAFKA_CLEAR_TOPIC_ON_START        = true
2026-05-28 10:10:14 | DEBUG | C03 | PRODUCER_MESSAGE_COUNT            = 6
2026-05-28 10:10:14 | DEBUG | C03 | PRODUCER_MESSAGE_INTERVAL_SECONDS = 2
2026-05-28 10:10:14 | DEBUG | C03 | KAFKA_GROUP_ID                    = streaming-consumer-group-A
2026-05-28 10:10:14 | DEBUG | C03 | KAFKA_AUTO_OFFSET_RESET           = earliest
2026-05-28 10:10:14 | DEBUG | C03 | CONSUMER_TIMEOUT_SECONDS          = 10
2026-05-28 10:10:14 | DEBUG | C03 | CONSUMER_MAX_MESSAGES             = 1000
2026-05-28 10:10:14 | INFO | C03 | === RUN START ===
2026-05-28 10:10:14 | INFO | C03 | project=C03
2026-05-28 10:10:14 | INFO | C03 | repo_dir=streaming-03-analytics
2026-05-28 10:10:14 | INFO | C03 | python=3.14.2
2026-05-28 10:10:14 | INFO | C03 | os=Windows 11
2026-05-28 10:10:14 | INFO | C03 | shell=powershell
2026-05-28 10:10:14 | INFO | C03 | cwd=.
2026-05-28 10:10:14 | INFO | C03 | github_actions=False
2026-05-28 10:10:14 | INFO | C03 | ========================
2026-05-28 10:10:14 | INFO | C03 | START consumer main()
2026-05-28 10:10:14 | INFO | C03 | ========================
2026-05-28 10:10:14 | INFO | C03 | ROOT_DIR = .
2026-05-28 10:10:14 | INFO | C03 | DATA_DIR = data
2026-05-28 10:10:14 | INFO | C03 | OUTPUT_CSV = data\output\consumed_sales_dawson.csv
2026-05-28 10:10:14 | INFO | C03 | REGIONS_CSV = data\regions.csv
2026-05-28 10:10:14 | INFO | C03 | PRODUCTS_CSV = data\products.csv
2026-05-28 10:10:14 | INFO | C03 | CURRENCIES_CSV = data\currencies.csv
2026-05-28 10:10:14 | INFO | C03 | DISCOUNT_CODES_CSV = data\discount_codes.csv
2026-05-28 10:10:14 | INFO | C03 | ========================
2026-05-28 10:10:14 | INFO | C03 | SECTION A. Acquire
2026-05-28 10:10:14 | INFO | C03 | ========================
2026-05-28 10:10:14 | INFO | C03 | Loading settings from .env...
2026-05-28 10:10:14 | INFO | C03 | KAFKA_BOOTSTRAP_SERVERS  = localhost:9092
2026-05-28 10:10:14 | INFO | C03 | KAFKA_TOPIC              = streaming-03-analytics-dawson
2026-05-28 10:10:14 | INFO | C03 | KAFKA_GROUP_ID           = streaming-consumer-group-A
2026-05-28 10:10:14 | INFO | C03 | CONSUMER_TIMEOUT_SECONDS = 10.0
2026-05-28 10:10:14 | INFO | C03 | CONSUMER_MAX_MESSAGES    = 1000
2026-05-28 10:10:14 | INFO | C03 | Verifying Kafka connection...
2026-05-28 10:10:14 | INFO | C03 | Kafka port is reachable.
2026-05-28 10:10:14 | INFO | C03 | Verifying Kafka topic...
2026-05-28 10:10:18 | INFO | C03 | Topic 'streaming-03-analytics-dawson' exists.
2026-05-28 10:10:18 | INFO | C03 | Found 12 message(s) available.
2026-05-28 10:10:18 | INFO | C03 | Creating Kafka consumer...
2026-05-28 10:10:18 | INFO | C03 | Subscribed to topic: 'streaming-03-analytics-dawson' (reading from beginning)
2026-05-28 10:10:18 | INFO | C03 | ========================
2026-05-28 10:10:18 | INFO | C03 | SECTION C. Consume and Process Messages
2026-05-28 10:10:18 | INFO | C03 | ========================
2026-05-28 10:10:18 | INFO | C03 | Initializing output...
2026-05-28 10:10:18 | INFO | C03 | Output CSV cleared: consumed_sales_dawson.csv
2026-05-28 10:10:18 | INFO | C03 | Loading enrichment reference data...
2026-05-28 10:10:18 | INFO | C03 | Found 6 region tax rates.
2026-05-28 10:10:18 | INFO | C03 | Consuming messages...
2026-05-28 10:10:18 | INFO | C03 | Waiting for up to 1000 message(s).
2026-05-28 10:10:18 | INFO | C03 | Press CTRL+C to stop early.

2026-05-28 10:10:21 | INFO | C03 | {'currency_code': 'USD', 'customer_id': 'CUST-4150', 'customer_note': 'Gift for my team', 'datetime': '2026-05-04T08:11:00Z', 'device_type': 'tablet', 'discount_code': '', 'is_new_customer': 'false', 'is_online': 'true', 'order_id': 'e7324981-a9f0-419f-b708-d0a333451fff', 'payment_method': 'paypal', 'product_id': 'PY-STREAM-005', 'quantity': '3', 'referral_source': 'paid_search', 'region_id': 'US-TX', 'unit_price': '59.99', '_kafka_key': 'US-TX', '_kafka_partition': 0, '_kafka_offset': 0}
2026-05-28 10:10:21 | INFO | C03 | subtotal=179.97
2026-05-28 10:10:21 | INFO | C03 | tax=14.85
2026-05-28 10:10:21 | INFO | C03 | total=194.82
2026-05-28 10:10:21 | INFO | C03 | running_total=194.82
2026-05-28 10:10:21 | INFO | C03 | MESSAGE ACCEPTED
2026-05-28 10:10:21 | INFO | C03 | order=e7324981-a9f0-419f-b708-d0a333451fff
2026-05-28 10:10:21 | INFO | C03 | total=$194.82
2026-05-28 10:10:21 | INFO | C03 | consumed=1
2026-05-28 10:10:21 | INFO | C03 | RUNNING STATS
2026-05-28 10:10:21 | INFO | C03 | total_sales=$194.82
2026-05-28 10:10:21 | INFO | C03 | average=$194.82
2026-05-28 10:10:21 | INFO | C03 | min=$194.82
2026-05-28 10:10:21 | INFO | C03 | max=$194.82
2026-05-28 10:10:21 | INFO | C03 | {'currency_code': 'USD', 'customer_id': 'CUST-1106', 'customer_note': 'Gift for my team', 'datetime': '2026-05-04T08:23:00Z', 'device_type': 'mobile', 'discount_code': '', 'is_new_customer': 'false', 'is_online': 'true', 'order_id': 'd61943e0-f543-4b5f-9c9a-18605ea4cfe5', 'payment_method': 'paypal', 'product_id': 'PY-DATA-002', 'quantity': '1', 'referral_source': 'paid_search', 'region_id': 'US-TX', 'unit_price': '49.99', '_kafka_key': 'US-TX', '_kafka_partition': 0, '_kafka_offset': 1}
2026-05-28 10:10:21 | INFO | C03 | subtotal=49.99
2026-05-28 10:10:21 | INFO | C03 | tax=4.12
2026-05-28 10:10:21 | INFO | C03 | total=54.11
2026-05-28 10:10:21 | INFO | C03 | running_total=248.93
2026-05-28 10:10:21 | INFO | C03 | MESSAGE ACCEPTED
2026-05-28 10:10:21 | INFO | C03 | order=d61943e0-f543-4b5f-9c9a-18605ea4cfe5
2026-05-28 10:10:21 | INFO | C03 | total=$54.11
2026-05-28 10:10:21 | INFO | C03 | consumed=2
2026-05-28 10:10:21 | INFO | C03 | RUNNING STATS
2026-05-28 10:10:21 | INFO | C03 | total_sales=$248.93
2026-05-28 10:10:21 | INFO | C03 | average=$124.47
2026-05-28 10:10:21 | INFO | C03 | min=$54.11
2026-05-28 10:10:21 | INFO | C03 | max=$194.82
2026-05-28 10:10:21 | INFO | C03 | {'currency_code': 'CAD', 'customer_id': 'CUST-2133', 'customer_note': 'Learning at my own pace', 'datetime': '2026-05-04T08:28:00Z', 'device_type': 'desktop', 'discount_code': '', 'is_new_customer': 'false', 'is_online': 'true', 'order_id': '14da1915-8e74-47be-9e10-f7275d31af46', 'payment_method': 'paypal', 'product_id': 'PY-NLP-006', 'quantity': '1', 'referral_source': 'organic', 'region_id': 'CA-QC', 'unit_price': '54.99', '_kafka_key': 'CA-QC', '_kafka_partition': 0, '_kafka_offset': 2}
2026-05-28 10:10:21 | INFO | C03 | subtotal=54.99
2026-05-28 10:10:21 | INFO | C03 | tax=8.23
2026-05-28 10:10:21 | INFO | C03 | total=63.22
2026-05-28 10:10:21 | INFO | C03 | running_total=312.15
2026-05-28 10:10:21 | INFO | C03 | MESSAGE ACCEPTED
2026-05-28 10:10:21 | INFO | C03 | order=14da1915-8e74-47be-9e10-f7275d31af46
2026-05-28 10:10:21 | INFO | C03 | total=$63.22
2026-05-28 10:10:21 | INFO | C03 | consumed=3
2026-05-28 10:10:21 | INFO | C03 | RUNNING STATS
2026-05-28 10:10:21 | INFO | C03 | total_sales=$312.15
2026-05-28 10:10:21 | INFO | C03 | average=$104.05
2026-05-28 10:10:21 | INFO | C03 | min=$54.11
2026-05-28 10:10:21 | INFO | C03 | max=$194.82
2026-05-28 10:10:21 | INFO | C03 | {'currency_code': 'USD', 'customer_id': 'CUST-5333', 'customer_note': 'Highly recommend', 'datetime': '2026-05-04T08:40:00Z', 'device_type': 'mobile', 'discount_code': '', 'is_new_customer': 'false', 'is_online': 'true', 'order_id': 'd77ed935-9b28-431d-bc25-0a3fd98f4154', 'payment_method': 'paypal', 'product_id': 'PY-STREAM-005', 'quantity': '1', 'referral_source': 'organic', 'region_id': 'US-CA', 'unit_price': '59.99', '_kafka_key': 'US-CA', '_kafka_partition': 0, '_kafka_offset': 3}
2026-05-28 10:10:21 | INFO | C03 | subtotal=59.99
2026-05-28 10:10:21 | INFO | C03 | tax=5.7
2026-05-28 10:10:21 | INFO | C03 | total=65.69
2026-05-28 10:10:21 | INFO | C03 | running_total=377.84
2026-05-28 10:10:21 | INFO | C03 | MESSAGE ACCEPTED
2026-05-28 10:10:21 | INFO | C03 | order=d77ed935-9b28-431d-bc25-0a3fd98f4154
2026-05-28 10:10:21 | INFO | C03 | total=$65.69
2026-05-28 10:10:21 | INFO | C03 | consumed=4
2026-05-28 10:10:21 | INFO | C03 | RUNNING STATS
2026-05-28 10:10:21 | INFO | C03 | total_sales=$377.84
2026-05-28 10:10:21 | INFO | C03 | average=$94.46
2026-05-28 10:10:21 | INFO | C03 | min=$54.11
2026-05-28 10:10:21 | INFO | C03 | max=$194.82
2026-05-28 10:10:21 | INFO | C03 | {'currency_code': 'USD', 'customer_id': 'CUST-8573', 'customer_note': 'Learning at my own pace', 'datetime': '2026-05-04T08:41:00Z', 'device_type': 'mobile', 'discount_code': '', 'is_new_customer': 'false', 'is_online': 'true', 'order_id': '24b91995-25f8-4ad7-8fa6-2e4c15750e5e', 'payment_method': 'apple_pay', 'product_id': 'PY-VIZ-003', 'quantity': '1', 'referral_source': 'paid_search', 'region_id': 'US-MO', 'unit_price': '39.99', '_kafka_key': 'US-MO', '_kafka_partition': 0, '_kafka_offset': 4}
2026-05-28 10:10:21 | INFO | C03 | subtotal=39.99
2026-05-28 10:10:21 | INFO | C03 | tax=3.2
2026-05-28 10:10:21 | INFO | C03 | total=43.19
2026-05-28 10:10:21 | INFO | C03 | running_total=421.03
2026-05-28 10:10:21 | INFO | C03 | MESSAGE ACCEPTED
2026-05-28 10:10:21 | INFO | C03 | order=24b91995-25f8-4ad7-8fa6-2e4c15750e5e
2026-05-28 10:10:21 | INFO | C03 | total=$43.19
2026-05-28 10:10:21 | INFO | C03 | consumed=5
2026-05-28 10:10:21 | INFO | C03 | RUNNING STATS
2026-05-28 10:10:21 | INFO | C03 | total_sales=$421.03
2026-05-28 10:10:21 | INFO | C03 | average=$84.21
2026-05-28 10:10:21 | INFO | C03 | min=$43.19
2026-05-28 10:10:21 | INFO | C03 | max=$194.82
2026-05-28 10:10:21 | INFO | C03 | {'currency_code': 'CAD', 'customer_id': 'CUST-8062', 'customer_note': '', 'datetime': '2026-05-04T08:54:00Z', 'device_type': 'tablet', 'discount_code': '', 'is_new_customer': 'false', 'is_online': 'true', 'order_id': '1ec0fc8b-998c-4f43-8a66-19e1fa7d5fa8', 'payment_method': 'paypal', 'product_id': 'PY-SQL-004', 'quantity': '1', 'referral_source': 'organic', 'region_id': 'CA-ON', 'unit_price': '44.99', '_kafka_key': 'CA-ON', '_kafka_partition': 0, '_kafka_offset': 5}
2026-05-28 10:10:21 | INFO | C03 | subtotal=44.99
2026-05-28 10:10:21 | INFO | C03 | tax=5.85
2026-05-28 10:10:21 | INFO | C03 | total=50.84
2026-05-28 10:10:21 | INFO | C03 | running_total=471.87
2026-05-28 10:10:21 | INFO | C03 | MESSAGE ACCEPTED
2026-05-28 10:10:21 | INFO | C03 | order=1ec0fc8b-998c-4f43-8a66-19e1fa7d5fa8
2026-05-28 10:10:21 | INFO | C03 | total=$50.84
2026-05-28 10:10:21 | INFO | C03 | consumed=6
2026-05-28 10:10:21 | INFO | C03 | RUNNING STATS
2026-05-28 10:10:21 | INFO | C03 | total_sales=$471.87
2026-05-28 10:10:21 | INFO | C03 | average=$78.64
2026-05-28 10:10:21 | INFO | C03 | min=$43.19
2026-05-28 10:10:21 | INFO | C03 | max=$194.82
2026-05-28 10:10:21 | INFO | C03 | {'currency_code': 'USD', 'customer_id': 'CUST-4150', 'customer_note': 'Gift for my team', 'datetime': '2026-05-04T08:11:00Z', 'device_type': 'tablet', 'discount_code': '', 'is_new_customer': 'false', 'is_online': 'true', 'order_id': 'e7324981-a9f0-419f-b708-d0a333451fff', 'payment_method': 'paypal', 'product_id': 'PY-STREAM-005', 'quantity': '3', 'referral_source': 'paid_search', 'region_id': 'US-TX', 'unit_price': '59.99', '_kafka_key': 'US-TX', '_kafka_partition': 0, '_kafka_offset': 6}
2026-05-28 10:10:21 | INFO | C03 | subtotal=179.97
2026-05-28 10:10:21 | INFO | C03 | tax=14.85
2026-05-28 10:10:21 | INFO | C03 | total=194.82
2026-05-28 10:10:21 | INFO | C03 | running_total=666.69
2026-05-28 10:10:21 | INFO | C03 | MESSAGE ACCEPTED
2026-05-28 10:10:21 | INFO | C03 | order=e7324981-a9f0-419f-b708-d0a333451fff
2026-05-28 10:10:21 | INFO | C03 | total=$194.82
2026-05-28 10:10:21 | INFO | C03 | consumed=7
2026-05-28 10:10:21 | INFO | C03 | RUNNING STATS
2026-05-28 10:10:21 | INFO | C03 | total_sales=$666.69
2026-05-28 10:10:21 | INFO | C03 | average=$95.24
2026-05-28 10:10:21 | INFO | C03 | min=$43.19
2026-05-28 10:10:21 | INFO | C03 | max=$194.82
2026-05-28 10:10:21 | INFO | C03 | {'currency_code': 'USD', 'customer_id': 'CUST-1106', 'customer_note': 'Gift for my team', 'datetime': '2026-05-04T08:23:00Z', 'device_type': 'mobile', 'discount_code': '', 'is_new_customer': 'false', 'is_online': 'true', 'order_id': 'd61943e0-f543-4b5f-9c9a-18605ea4cfe5', 'payment_method': 'paypal', 'product_id': 'PY-DATA-002', 'quantity': '1', 'referral_source': 'paid_search', 'region_id': 'US-TX', 'unit_price': '49.99', '_kafka_key': 'US-TX', '_kafka_partition': 0, '_kafka_offset': 7}
2026-05-28 10:10:21 | INFO | C03 | subtotal=49.99
2026-05-28 10:10:21 | INFO | C03 | tax=4.12
2026-05-28 10:10:21 | INFO | C03 | total=54.11
2026-05-28 10:10:21 | INFO | C03 | running_total=720.80
2026-05-28 10:10:21 | INFO | C03 | MESSAGE ACCEPTED
2026-05-28 10:10:21 | INFO | C03 | order=d61943e0-f543-4b5f-9c9a-18605ea4cfe5
2026-05-28 10:10:21 | INFO | C03 | total=$54.11
2026-05-28 10:10:21 | INFO | C03 | consumed=8
2026-05-28 10:10:21 | INFO | C03 | RUNNING STATS
2026-05-28 10:10:21 | INFO | C03 | total_sales=$720.80
2026-05-28 10:10:21 | INFO | C03 | average=$90.10
2026-05-28 10:10:21 | INFO | C03 | min=$43.19
2026-05-28 10:10:21 | INFO | C03 | max=$194.82
2026-05-28 10:10:21 | INFO | C03 | {'currency_code': 'CAD', 'customer_id': 'CUST-2133', 'customer_note': 'Learning at my own pace', 'datetime': '2026-05-04T08:28:00Z', 'device_type': 'desktop', 'discount_code': '', 'is_new_customer': 'false', 'is_online': 'true', 'order_id': '14da1915-8e74-47be-9e10-f7275d31af46', 'payment_method': 'paypal', 'product_id': 'PY-NLP-006', 'quantity': '1', 'referral_source': 'organic', 'region_id': 'CA-QC', 'unit_price': '54.99', '_kafka_key': 'CA-QC', '_kafka_partition': 0, '_kafka_offset': 8}
2026-05-28 10:10:21 | INFO | C03 | subtotal=54.99
2026-05-28 10:10:21 | INFO | C03 | tax=8.23
2026-05-28 10:10:21 | INFO | C03 | total=63.22
2026-05-28 10:10:21 | INFO | C03 | running_total=784.02
2026-05-28 10:10:21 | INFO | C03 | MESSAGE ACCEPTED
2026-05-28 10:10:21 | INFO | C03 | order=14da1915-8e74-47be-9e10-f7275d31af46
2026-05-28 10:10:21 | INFO | C03 | total=$63.22
2026-05-28 10:10:21 | INFO | C03 | consumed=9
2026-05-28 10:10:21 | INFO | C03 | RUNNING STATS
2026-05-28 10:10:21 | INFO | C03 | total_sales=$784.02
2026-05-28 10:10:21 | INFO | C03 | average=$87.11
2026-05-28 10:10:21 | INFO | C03 | min=$43.19
2026-05-28 10:10:21 | INFO | C03 | max=$194.82
2026-05-28 10:10:21 | INFO | C03 | {'currency_code': 'USD', 'customer_id': 'CUST-5333', 'customer_note': 'Highly recommend', 'datetime': '2026-05-04T08:40:00Z', 'device_type': 'mobile', 'discount_code': '', 'is_new_customer': 'false', 'is_online': 'true', 'order_id': 'd77ed935-9b28-431d-bc25-0a3fd98f4154', 'payment_method': 'paypal', 'product_id': 'PY-STREAM-005', 'quantity': '1', 'referral_source': 'organic', 'region_id': 'US-CA', 'unit_price': '59.99', '_kafka_key': 'US-CA', '_kafka_partition': 0, '_kafka_offset': 9}
2026-05-28 10:10:21 | INFO | C03 | subtotal=59.99
2026-05-28 10:10:21 | INFO | C03 | tax=5.7
2026-05-28 10:10:21 | INFO | C03 | total=65.69
2026-05-28 10:10:21 | INFO | C03 | running_total=849.71
2026-05-28 10:10:21 | INFO | C03 | MESSAGE ACCEPTED
2026-05-28 10:10:21 | INFO | C03 | order=d77ed935-9b28-431d-bc25-0a3fd98f4154
2026-05-28 10:10:21 | INFO | C03 | total=$65.69
2026-05-28 10:10:21 | INFO | C03 | consumed=10
2026-05-28 10:10:21 | INFO | C03 | RUNNING STATS
2026-05-28 10:10:21 | INFO | C03 | total_sales=$849.71
2026-05-28 10:10:21 | INFO | C03 | average=$84.97
2026-05-28 10:10:21 | INFO | C03 | min=$43.19
2026-05-28 10:10:21 | INFO | C03 | max=$194.82
2026-05-28 10:10:21 | INFO | C03 | {'currency_code': 'USD', 'customer_id': 'CUST-8573', 'customer_note': 'Learning at my own pace', 'datetime': '2026-05-04T08:41:00Z', 'device_type': 'mobile', 'discount_code': '', 'is_new_customer': 'false', 'is_online': 'true', 'order_id': '24b91995-25f8-4ad7-8fa6-2e4c15750e5e', 'payment_method': 'apple_pay', 'product_id': 'PY-VIZ-003', 'quantity': '1', 'referral_source': 'paid_search', 'region_id': 'US-MO', 'unit_price': '39.99', '_kafka_key': 'US-MO', '_kafka_partition': 0, '_kafka_offset': 10}
2026-05-28 10:10:21 | INFO | C03 | subtotal=39.99
2026-05-28 10:10:21 | INFO | C03 | tax=3.2
2026-05-28 10:10:21 | INFO | C03 | total=43.19
2026-05-28 10:10:21 | INFO | C03 | running_total=892.90
2026-05-28 10:10:21 | INFO | C03 | MESSAGE ACCEPTED
2026-05-28 10:10:21 | INFO | C03 | order=24b91995-25f8-4ad7-8fa6-2e4c15750e5e
2026-05-28 10:10:21 | INFO | C03 | total=$43.19
2026-05-28 10:10:21 | INFO | C03 | consumed=11
2026-05-28 10:10:21 | INFO | C03 | RUNNING STATS
2026-05-28 10:10:21 | INFO | C03 | total_sales=$892.90
2026-05-28 10:10:21 | INFO | C03 | average=$81.17
2026-05-28 10:10:21 | INFO | C03 | min=$43.19
2026-05-28 10:10:21 | INFO | C03 | max=$194.82
2026-05-28 10:10:21 | INFO | C03 | {'currency_code': 'CAD', 'customer_id': 'CUST-8062', 'customer_note': '', 'datetime': '2026-05-04T08:54:00Z', 'device_type': 'tablet', 'discount_code': '', 'is_new_customer': 'false', 'is_online': 'true', 'order_id': '1ec0fc8b-998c-4f43-8a66-19e1fa7d5fa8', 'payment_method': 'paypal', 'product_id': 'PY-SQL-004', 'quantity': '1', 'referral_source': 'organic', 'region_id': 'CA-ON', 'unit_price': '44.99', '_kafka_key': 'CA-ON', '_kafka_partition': 0, '_kafka_offset': 11}
2026-05-28 10:10:21 | INFO | C03 | subtotal=44.99
2026-05-28 10:10:21 | INFO | C03 | tax=5.85
2026-05-28 10:10:21 | INFO | C03 | total=50.84
2026-05-28 10:10:21 | INFO | C03 | running_total=943.74
2026-05-28 10:10:21 | INFO | C03 | MESSAGE ACCEPTED
2026-05-28 10:10:21 | INFO | C03 | order=1ec0fc8b-998c-4f43-8a66-19e1fa7d5fa8
2026-05-28 10:10:21 | INFO | C03 | total=$50.84
2026-05-28 10:10:21 | INFO | C03 | consumed=12
2026-05-28 10:10:21 | INFO | C03 | RUNNING STATS
2026-05-28 10:10:21 | INFO | C03 | total_sales=$943.74
2026-05-28 10:10:21 | INFO | C03 | average=$78.65
2026-05-28 10:10:21 | INFO | C03 | min=$43.19
2026-05-28 10:10:21 | INFO | C03 | max=$194.82
2026-05-28 10:10:31 | INFO | C03 | No message received within 10.0s timeout.
2026-05-28 10:10:31 | INFO | C03 | Producer finished or paused. Stopping consumer.
2026-05-28 10:10:31 | INFO | C03 | Kafka consumer closed.
2026-05-28 10:10:31 | INFO | C03 | ========================
2026-05-28 10:10:31 | INFO | C03 | SECTION E. Exit
2026-05-28 10:10:31 | INFO | C03 | ========================
2026-05-28 10:10:31 | INFO | C03 | Summary:
2026-05-28 10:10:31 | INFO | C03 | Consumed 12 message(s) from topic 'streaming-03-analytics-dawson'.
2026-05-28 10:10:31 | INFO | C03 | Skipped  0 message(s).
2026-05-28 10:10:31 | INFO | C03 | OUTPUT_CSV = data\output\consumed_sales_dawson.csv
2026-05-28 10:10:31 | INFO | C03 |   Total sales:  $943.74
2026-05-28 10:10:31 | INFO | C03 |   Average sale: $78.65
2026-05-28 10:10:31 | INFO | C03 |   Minimum sale: $43.19
2026-05-28 10:10:31 | INFO | C03 |   Maximum sale: $194.82
2026-05-28 10:10:31 | INFO | C03 | ========================
2026-05-28 10:10:31 | INFO | C03 | Consumer executed successfully!
2026-05-28 10:10:31 | INFO | C03 | ========================
2026-05-28 10:13:35 | DEBUG | P03 | KAFKA_BOOTSTRAP_SERVERS           = localhost:9092
2026-05-28 10:13:35 | DEBUG | P03 | KAFKA_BROKER_ADDRESS_FAMILY       = v6
2026-05-28 10:13:35 | DEBUG | P03 | KAFKA_TOPIC                       = streaming-03-analytics-dawson
2026-05-28 10:13:35 | DEBUG | P03 | KAFKA_CLEAR_TOPIC_ON_START        = true
2026-05-28 10:13:35 | DEBUG | P03 | PRODUCER_MESSAGE_COUNT            = 6
2026-05-28 10:13:35 | DEBUG | P03 | PRODUCER_MESSAGE_INTERVAL_SECONDS = 2
2026-05-28 10:13:35 | DEBUG | P03 | KAFKA_GROUP_ID                    = streaming-consumer-group-A
2026-05-28 10:13:35 | DEBUG | P03 | KAFKA_AUTO_OFFSET_RESET           = earliest
2026-05-28 10:13:35 | DEBUG | P03 | CONSUMER_TIMEOUT_SECONDS          = 10
2026-05-28 10:13:35 | DEBUG | P03 | CONSUMER_MAX_MESSAGES             = 1000
2026-05-28 10:13:35 | INFO | P03 | === RUN START ===
2026-05-28 10:13:35 | INFO | P03 | project=P03
2026-05-28 10:13:35 | INFO | P03 | repo_dir=streaming-03-analytics
2026-05-28 10:13:35 | INFO | P03 | python=3.14.2
2026-05-28 10:13:35 | INFO | P03 | os=Windows 11
2026-05-28 10:13:35 | INFO | P03 | shell=powershell
2026-05-28 10:13:35 | INFO | P03 | cwd=.
2026-05-28 10:13:35 | INFO | P03 | github_actions=False
2026-05-28 10:13:35 | INFO | P03 | ========================
2026-05-28 10:13:35 | INFO | P03 | START producer main()
2026-05-28 10:13:35 | INFO | P03 | ========================
2026-05-28 10:13:35 | INFO | P03 | ROOT_DIR = .
2026-05-28 10:13:35 | INFO | P03 | DATA_DIR = data
2026-05-28 10:13:35 | INFO | P03 | SALES_CSV = data\sales.csv
2026-05-28 10:13:35 | INFO | P03 | REGIONS_CSV = data\regions.csv
2026-05-28 10:13:35 | INFO | P03 | PRODUCTS_CSV = data\products.csv
2026-05-28 10:13:35 | INFO | P03 | REJECTED_SALES_CSV = data\output\producer_rejected_sales.csv
2026-05-28 10:13:35 | INFO | P03 | ========================
2026-05-28 10:13:35 | INFO | P03 | SECTION A. Acquire
2026-05-28 10:13:35 | INFO | P03 | ========================
2026-05-28 10:13:35 | INFO | P03 | Loading settings from .env...
2026-05-28 10:13:35 | INFO | P03 | KAFKA_BOOTSTRAP_SERVERS           = localhost:9092
2026-05-28 10:13:35 | INFO | P03 | KAFKA_TOPIC                       = streaming-03-analytics-dawson
2026-05-28 10:13:35 | INFO | P03 | PRODUCER_MESSAGE_COUNT            = 6
2026-05-28 10:13:35 | INFO | P03 | PRODUCER_MESSAGE_INTERVAL_SECONDS = 2.0
2026-05-28 10:13:35 | INFO | P03 | KAFKA_CLEAR_TOPIC_ON_START        = True
2026-05-28 10:13:35 | INFO | P03 | Verifying Kafka connection...
2026-05-28 10:13:35 | INFO | P03 | Kafka port is reachable.
2026-05-28 10:13:38 | INFO | P03 | Loading validation reference data...
2026-05-28 10:13:38 | INFO | P03 | Found 6 valid regions, 
2026-05-28 10:13:38 | INFO | P03 | 6 valid products.
2026-05-28 10:13:38 | INFO | P03 | ========================
2026-05-28 10:13:38 | INFO | P03 | SECTION P. Produce Messages
2026-05-28 10:13:38 | INFO | P03 | ========================
2026-05-28 10:13:38 | INFO | P03 | Initializing output...
2026-05-28 10:13:38 | INFO | P03 | Output directory ready: output
2026-05-28 10:13:38 | INFO | P03 | Sending messages...
2026-05-28 10:13:38 | INFO | P03 | Sending up to 6 message(s) to topic 'streaming-03-analytics-dawson'.
2026-05-28 10:13:38 | INFO | P03 | Watch each sale arrive. Press CTRL+C to stop early.

2026-05-28 10:13:38 | INFO | P03 | {
  order_id: e7324981-a9f0-419f-b708-d0a333451fff
  datetime: 2026-05-04T08:11:00Z
  region_id: US-TX
  currency_code: USD
  product_id: PY-STREAM-005
  unit_price: 59.99
  quantity: 3
  is_online: true
  customer_id: CUST-4150
  is_new_customer: false
  device_type: tablet
  payment_method: paypal
  referral_source: paid_search
  discount_code: 
  customer_note: Gift for my team
}
2026-05-28 10:13:38 | INFO | P03 |   Sending message with key=US-TX
2026-05-28 10:13:38 | INFO | P03 |   MESSAGE SENT  sent=1
2026-05-28 10:13:40 | INFO | P03 | {
  order_id: d61943e0-f543-4b5f-9c9a-18605ea4cfe5
  datetime: 2026-05-04T08:23:00Z
  region_id: US-TX
  currency_code: USD
  product_id: PY-DATA-002
  unit_price: 49.99
  quantity: 1
  is_online: true
  customer_id: CUST-1106
  is_new_customer: false
  device_type: mobile
  payment_method: paypal
  referral_source: paid_search
  discount_code: 
  customer_note: Gift for my team
}
2026-05-28 10:13:40 | INFO | P03 |   Sending message with key=US-TX
2026-05-28 10:13:40 | INFO | P03 |   MESSAGE SENT  sent=2
2026-05-28 10:13:42 | INFO | P03 | {
  order_id: 14da1915-8e74-47be-9e10-f7275d31af46
  datetime: 2026-05-04T08:28:00Z
  region_id: CA-QC
  currency_code: CAD
  product_id: PY-NLP-006
  unit_price: 54.99
  quantity: 1
  is_online: true
  customer_id: CUST-2133
  is_new_customer: false
  device_type: desktop
  payment_method: paypal
  referral_source: organic
  discount_code: 
  customer_note: Learning at my own pace
}
2026-05-28 10:13:42 | INFO | P03 |   Sending message with key=CA-QC
2026-05-28 10:13:42 | INFO | P03 |   MESSAGE SENT  sent=3
2026-05-28 10:13:44 | INFO | P03 | {
  order_id: d77ed935-9b28-431d-bc25-0a3fd98f4154
  datetime: 2026-05-04T08:40:00Z
  region_id: US-CA
  currency_code: USD
  product_id: PY-STREAM-005
  unit_price: 59.99
  quantity: 1
  is_online: true
  customer_id: CUST-5333
  is_new_customer: false
  device_type: mobile
  payment_method: paypal
  referral_source: organic
  discount_code: 
  customer_note: Highly recommend
}
2026-05-28 10:13:44 | INFO | P03 |   Sending message with key=US-CA
2026-05-28 10:13:44 | INFO | P03 |   MESSAGE SENT  sent=4
2026-05-28 10:13:46 | INFO | P03 | {
  order_id: 24b91995-25f8-4ad7-8fa6-2e4c15750e5e
  datetime: 2026-05-04T08:41:00Z
  region_id: US-MO
  currency_code: USD
  product_id: PY-VIZ-003
  unit_price: 39.99
  quantity: 1
  is_online: true
  customer_id: CUST-8573
  is_new_customer: false
  device_type: mobile
  payment_method: apple_pay
  referral_source: paid_search
  discount_code: 
  customer_note: Learning at my own pace
}
2026-05-28 10:13:46 | INFO | P03 |   Sending message with key=US-MO
2026-05-28 10:13:46 | INFO | P03 |   MESSAGE SENT  sent=5
2026-05-28 10:13:48 | INFO | P03 | {
  order_id: 1ec0fc8b-998c-4f43-8a66-19e1fa7d5fa8
  datetime: 2026-05-04T08:54:00Z
  region_id: CA-ON
  currency_code: CAD
  product_id: PY-SQL-004
  unit_price: 44.99
  quantity: 1
  is_online: true
  customer_id: CUST-8062
  is_new_customer: false
  device_type: tablet
  payment_method: paypal
  referral_source: organic
  discount_code: 
  customer_note: 
}
2026-05-28 10:13:48 | INFO | P03 |   Sending message with key=CA-ON
2026-05-28 10:13:48 | INFO | P03 |   MESSAGE SENT  sent=6
2026-05-28 10:13:50 | INFO | P03 | Checking for rejected records...
2026-05-28 10:13:50 | INFO | P03 |   No records rejected.
2026-05-28 10:13:50 | INFO | P03 | ========================
2026-05-28 10:13:50 | INFO | P03 | SECTION E. Exit
2026-05-28 10:13:50 | INFO | P03 | ========================
2026-05-28 10:13:50 | INFO | P03 | Summary:
2026-05-28 10:13:50 | INFO | P03 | Sent 6 message(s) to topic 'streaming-03-analytics-dawson'.
2026-05-28 10:13:50 | INFO | P03 | Rejected 0 message(s).
2026-05-28 10:13:50 | INFO | P03 | ========================
2026-05-28 10:13:50 | INFO | P03 | Producer executed successfully!
2026-05-28 10:13:50 | INFO | P03 | ========================
2026-05-28 10:14:02 | DEBUG | C03 | KAFKA_BOOTSTRAP_SERVERS           = localhost:9092
2026-05-28 10:14:02 | DEBUG | C03 | KAFKA_BROKER_ADDRESS_FAMILY       = v6
2026-05-28 10:14:02 | DEBUG | C03 | KAFKA_TOPIC                       = streaming-03-analytics-dawson
2026-05-28 10:14:02 | DEBUG | C03 | KAFKA_CLEAR_TOPIC_ON_START        = true
2026-05-28 10:14:02 | DEBUG | C03 | PRODUCER_MESSAGE_COUNT            = 6
2026-05-28 10:14:02 | DEBUG | C03 | PRODUCER_MESSAGE_INTERVAL_SECONDS = 2
2026-05-28 10:14:02 | DEBUG | C03 | KAFKA_GROUP_ID                    = streaming-consumer-group-A
2026-05-28 10:14:02 | DEBUG | C03 | KAFKA_AUTO_OFFSET_RESET           = earliest
2026-05-28 10:14:02 | DEBUG | C03 | CONSUMER_TIMEOUT_SECONDS          = 10
2026-05-28 10:14:02 | DEBUG | C03 | CONSUMER_MAX_MESSAGES             = 1000
2026-05-28 10:14:02 | INFO | C03 | === RUN START ===
2026-05-28 10:14:02 | INFO | C03 | project=C03
2026-05-28 10:14:02 | INFO | C03 | repo_dir=streaming-03-analytics
2026-05-28 10:14:02 | INFO | C03 | python=3.14.2
2026-05-28 10:14:02 | INFO | C03 | os=Windows 11
2026-05-28 10:14:02 | INFO | C03 | shell=powershell
2026-05-28 10:14:02 | INFO | C03 | cwd=.
2026-05-28 10:14:02 | INFO | C03 | github_actions=False
2026-05-28 10:14:02 | INFO | C03 | ========================
2026-05-28 10:14:02 | INFO | C03 | START consumer main()
2026-05-28 10:14:02 | INFO | C03 | ========================
2026-05-28 10:14:02 | INFO | C03 | ROOT_DIR = .
2026-05-28 10:14:02 | INFO | C03 | DATA_DIR = data
2026-05-28 10:14:02 | INFO | C03 | OUTPUT_CSV = data\output\consumed_sales_dawson.csv
2026-05-28 10:14:02 | INFO | C03 | REGIONS_CSV = data\regions.csv
2026-05-28 10:14:02 | INFO | C03 | PRODUCTS_CSV = data\products.csv
2026-05-28 10:14:02 | INFO | C03 | CURRENCIES_CSV = data\currencies.csv
2026-05-28 10:14:02 | INFO | C03 | DISCOUNT_CODES_CSV = data\discount_codes.csv
2026-05-28 10:14:02 | INFO | C03 | ========================
2026-05-28 10:14:02 | INFO | C03 | SECTION A. Acquire
2026-05-28 10:14:02 | INFO | C03 | ========================
2026-05-28 10:14:02 | INFO | C03 | Loading settings from .env...
2026-05-28 10:14:02 | INFO | C03 | KAFKA_BOOTSTRAP_SERVERS  = localhost:9092
2026-05-28 10:14:02 | INFO | C03 | KAFKA_TOPIC              = streaming-03-analytics-dawson
2026-05-28 10:14:02 | INFO | C03 | KAFKA_GROUP_ID           = streaming-consumer-group-A
2026-05-28 10:14:02 | INFO | C03 | CONSUMER_TIMEOUT_SECONDS = 10.0
2026-05-28 10:14:02 | INFO | C03 | CONSUMER_MAX_MESSAGES    = 1000
2026-05-28 10:14:02 | INFO | C03 | Verifying Kafka connection...
2026-05-28 10:14:02 | INFO | C03 | Kafka port is reachable.
2026-05-28 10:14:02 | INFO | C03 | Verifying Kafka topic...
2026-05-28 10:14:11 | INFO | C03 | Topic 'streaming-03-analytics-dawson' exists.
2026-05-28 10:14:11 | INFO | C03 | Found 6 message(s) available.
2026-05-28 10:14:11 | INFO | C03 | Creating Kafka consumer...
2026-05-28 10:14:11 | INFO | C03 | Subscribed to topic: 'streaming-03-analytics-dawson' (reading from beginning)
2026-05-28 10:14:11 | INFO | C03 | ========================
2026-05-28 10:14:11 | INFO | C03 | SECTION C. Consume and Process Messages
2026-05-28 10:14:11 | INFO | C03 | ========================
2026-05-28 10:14:11 | INFO | C03 | Initializing output...
2026-05-28 10:14:11 | INFO | C03 | Output CSV cleared: consumed_sales_dawson.csv
2026-05-28 10:14:11 | INFO | C03 | Loading enrichment reference data...
2026-05-28 10:14:11 | INFO | C03 | Found 6 region tax rates.
2026-05-28 10:14:11 | INFO | C03 | Consuming messages...
2026-05-28 10:14:11 | INFO | C03 | Waiting for up to 1000 message(s).
2026-05-28 10:14:11 | INFO | C03 | Press CTRL+C to stop early.

2026-05-28 10:14:18 | INFO | C03 | {'currency_code': 'USD', 'customer_id': 'CUST-4150', 'customer_note': 'Gift for my team', 'datetime': '2026-05-04T08:11:00Z', 'device_type': 'tablet', 'discount_code': '', 'is_new_customer': 'false', 'is_online': 'true', 'order_id': 'e7324981-a9f0-419f-b708-d0a333451fff', 'payment_method': 'paypal', 'product_id': 'PY-STREAM-005', 'quantity': '3', 'referral_source': 'paid_search', 'region_id': 'US-TX', 'unit_price': '59.99', '_kafka_key': 'US-TX', '_kafka_partition': 0, '_kafka_offset': 0}
2026-05-28 10:14:18 | INFO | C03 | subtotal=179.97
2026-05-28 10:14:18 | INFO | C03 | tax=14.85
2026-05-28 10:14:18 | INFO | C03 | total=194.82
2026-05-28 10:14:18 | INFO | C03 | running_total=194.82
2026-05-28 10:14:18 | INFO | C03 | MESSAGE ACCEPTED
2026-05-28 10:14:18 | INFO | C03 | order=e7324981-a9f0-419f-b708-d0a333451fff
2026-05-28 10:14:18 | INFO | C03 | total=$194.82
2026-05-28 10:14:18 | INFO | C03 | consumed=1
2026-05-28 10:14:18 | INFO | C03 | RUNNING STATS
2026-05-28 10:14:18 | INFO | C03 | total_sales=$194.82
2026-05-28 10:14:18 | INFO | C03 | average=$194.82
2026-05-28 10:14:18 | INFO | C03 | min=$194.82
2026-05-28 10:14:18 | INFO | C03 | max=$194.82
2026-05-28 10:14:18 | INFO | C03 | {'currency_code': 'USD', 'customer_id': 'CUST-1106', 'customer_note': 'Gift for my team', 'datetime': '2026-05-04T08:23:00Z', 'device_type': 'mobile', 'discount_code': '', 'is_new_customer': 'false', 'is_online': 'true', 'order_id': 'd61943e0-f543-4b5f-9c9a-18605ea4cfe5', 'payment_method': 'paypal', 'product_id': 'PY-DATA-002', 'quantity': '1', 'referral_source': 'paid_search', 'region_id': 'US-TX', 'unit_price': '49.99', '_kafka_key': 'US-TX', '_kafka_partition': 0, '_kafka_offset': 1}
2026-05-28 10:14:18 | INFO | C03 | subtotal=49.99
2026-05-28 10:14:18 | INFO | C03 | tax=4.12
2026-05-28 10:14:18 | INFO | C03 | total=54.11
2026-05-28 10:14:18 | INFO | C03 | running_total=248.93
2026-05-28 10:14:18 | INFO | C03 | MESSAGE ACCEPTED
2026-05-28 10:14:18 | INFO | C03 | order=d61943e0-f543-4b5f-9c9a-18605ea4cfe5
2026-05-28 10:14:18 | INFO | C03 | total=$54.11
2026-05-28 10:14:18 | INFO | C03 | consumed=2
2026-05-28 10:14:18 | INFO | C03 | RUNNING STATS
2026-05-28 10:14:18 | INFO | C03 | total_sales=$248.93
2026-05-28 10:14:18 | INFO | C03 | average=$124.47
2026-05-28 10:14:18 | INFO | C03 | min=$54.11
2026-05-28 10:14:18 | INFO | C03 | max=$194.82
2026-05-28 10:14:18 | INFO | C03 | {'currency_code': 'CAD', 'customer_id': 'CUST-2133', 'customer_note': 'Learning at my own pace', 'datetime': '2026-05-04T08:28:00Z', 'device_type': 'desktop', 'discount_code': '', 'is_new_customer': 'false', 'is_online': 'true', 'order_id': '14da1915-8e74-47be-9e10-f7275d31af46', 'payment_method': 'paypal', 'product_id': 'PY-NLP-006', 'quantity': '1', 'referral_source': 'organic', 'region_id': 'CA-QC', 'unit_price': '54.99', '_kafka_key': 'CA-QC', '_kafka_partition': 0, '_kafka_offset': 2}
2026-05-28 10:14:18 | INFO | C03 | subtotal=54.99
2026-05-28 10:14:18 | INFO | C03 | tax=8.23
2026-05-28 10:14:18 | INFO | C03 | total=63.22
2026-05-28 10:14:18 | INFO | C03 | running_total=312.15
2026-05-28 10:14:18 | INFO | C03 | MESSAGE ACCEPTED
2026-05-28 10:14:18 | INFO | C03 | order=14da1915-8e74-47be-9e10-f7275d31af46
2026-05-28 10:14:18 | INFO | C03 | total=$63.22
2026-05-28 10:14:18 | INFO | C03 | consumed=3
2026-05-28 10:14:18 | INFO | C03 | RUNNING STATS
2026-05-28 10:14:18 | INFO | C03 | total_sales=$312.15
2026-05-28 10:14:18 | INFO | C03 | average=$104.05
2026-05-28 10:14:18 | INFO | C03 | min=$54.11
2026-05-28 10:14:18 | INFO | C03 | max=$194.82
2026-05-28 10:14:18 | INFO | C03 | {'currency_code': 'USD', 'customer_id': 'CUST-5333', 'customer_note': 'Highly recommend', 'datetime': '2026-05-04T08:40:00Z', 'device_type': 'mobile', 'discount_code': '', 'is_new_customer': 'false', 'is_online': 'true', 'order_id': 'd77ed935-9b28-431d-bc25-0a3fd98f4154', 'payment_method': 'paypal', 'product_id': 'PY-STREAM-005', 'quantity': '1', 'referral_source': 'organic', 'region_id': 'US-CA', 'unit_price': '59.99', '_kafka_key': 'US-CA', '_kafka_partition': 0, '_kafka_offset': 3}
2026-05-28 10:14:18 | INFO | C03 | subtotal=59.99
2026-05-28 10:14:18 | INFO | C03 | tax=5.7
2026-05-28 10:14:18 | INFO | C03 | total=65.69
2026-05-28 10:14:18 | INFO | C03 | running_total=377.84
2026-05-28 10:14:18 | INFO | C03 | MESSAGE ACCEPTED
2026-05-28 10:14:18 | INFO | C03 | order=d77ed935-9b28-431d-bc25-0a3fd98f4154
2026-05-28 10:14:18 | INFO | C03 | total=$65.69
2026-05-28 10:14:18 | INFO | C03 | consumed=4
2026-05-28 10:14:18 | INFO | C03 | RUNNING STATS
2026-05-28 10:14:18 | INFO | C03 | total_sales=$377.84
2026-05-28 10:14:18 | INFO | C03 | average=$94.46
2026-05-28 10:14:18 | INFO | C03 | min=$54.11
2026-05-28 10:14:18 | INFO | C03 | max=$194.82
2026-05-28 10:14:18 | INFO | C03 | {'currency_code': 'USD', 'customer_id': 'CUST-8573', 'customer_note': 'Learning at my own pace', 'datetime': '2026-05-04T08:41:00Z', 'device_type': 'mobile', 'discount_code': '', 'is_new_customer': 'false', 'is_online': 'true', 'order_id': '24b91995-25f8-4ad7-8fa6-2e4c15750e5e', 'payment_method': 'apple_pay', 'product_id': 'PY-VIZ-003', 'quantity': '1', 'referral_source': 'paid_search', 'region_id': 'US-MO', 'unit_price': '39.99', '_kafka_key': 'US-MO', '_kafka_partition': 0, '_kafka_offset': 4}
2026-05-28 10:14:18 | INFO | C03 | subtotal=39.99
2026-05-28 10:14:18 | INFO | C03 | tax=3.2
2026-05-28 10:14:18 | INFO | C03 | total=43.19
2026-05-28 10:14:18 | INFO | C03 | running_total=421.03
2026-05-28 10:14:18 | INFO | C03 | MESSAGE ACCEPTED
2026-05-28 10:14:18 | INFO | C03 | order=24b91995-25f8-4ad7-8fa6-2e4c15750e5e
2026-05-28 10:14:18 | INFO | C03 | total=$43.19
2026-05-28 10:14:18 | INFO | C03 | consumed=5
2026-05-28 10:14:18 | INFO | C03 | RUNNING STATS
2026-05-28 10:14:18 | INFO | C03 | total_sales=$421.03
2026-05-28 10:14:18 | INFO | C03 | average=$84.21
2026-05-28 10:14:18 | INFO | C03 | min=$43.19
2026-05-28 10:14:18 | INFO | C03 | max=$194.82
2026-05-28 10:14:18 | INFO | C03 | {'currency_code': 'CAD', 'customer_id': 'CUST-8062', 'customer_note': '', 'datetime': '2026-05-04T08:54:00Z', 'device_type': 'tablet', 'discount_code': '', 'is_new_customer': 'false', 'is_online': 'true', 'order_id': '1ec0fc8b-998c-4f43-8a66-19e1fa7d5fa8', 'payment_method': 'paypal', 'product_id': 'PY-SQL-004', 'quantity': '1', 'referral_source': 'organic', 'region_id': 'CA-ON', 'unit_price': '44.99', '_kafka_key': 'CA-ON', '_kafka_partition': 0, '_kafka_offset': 5}
2026-05-28 10:14:18 | INFO | C03 | subtotal=44.99
2026-05-28 10:14:18 | INFO | C03 | tax=5.85
2026-05-28 10:14:18 | INFO | C03 | total=50.84
2026-05-28 10:14:18 | INFO | C03 | running_total=471.87
2026-05-28 10:14:18 | INFO | C03 | MESSAGE ACCEPTED
2026-05-28 10:14:18 | INFO | C03 | order=1ec0fc8b-998c-4f43-8a66-19e1fa7d5fa8
2026-05-28 10:14:18 | INFO | C03 | total=$50.84
2026-05-28 10:14:18 | INFO | C03 | consumed=6
2026-05-28 10:14:18 | INFO | C03 | RUNNING STATS
2026-05-28 10:14:18 | INFO | C03 | total_sales=$471.87
2026-05-28 10:14:18 | INFO | C03 | average=$78.64
2026-05-28 10:14:18 | INFO | C03 | min=$43.19
2026-05-28 10:14:18 | INFO | C03 | max=$194.82
2026-05-28 10:14:28 | INFO | C03 | No message received within 10.0s timeout.
2026-05-28 10:14:28 | INFO | C03 | Producer finished or paused. Stopping consumer.
2026-05-28 10:14:28 | INFO | C03 | Kafka consumer closed.
2026-05-28 10:14:28 | INFO | C03 | ========================
2026-05-28 10:14:28 | INFO | C03 | SECTION E. Exit
2026-05-28 10:14:28 | INFO | C03 | ========================
2026-05-28 10:14:28 | INFO | C03 | Summary:
2026-05-28 10:14:28 | INFO | C03 | Consumed 6 message(s) from topic 'streaming-03-analytics-dawson'.
2026-05-28 10:14:28 | INFO | C03 | Skipped  0 message(s).
2026-05-28 10:14:28 | INFO | C03 | OUTPUT_CSV = data\output\consumed_sales_dawson.csv
2026-05-28 10:14:28 | INFO | C03 |   Total sales:  $471.87
2026-05-28 10:14:28 | INFO | C03 |   Average sale: $78.64
2026-05-28 10:14:28 | INFO | C03 |   Minimum sale: $43.19
2026-05-28 10:14:28 | INFO | C03 |   Maximum sale: $194.82
2026-05-28 10:14:28 | INFO | C03 | ========================
2026-05-28 10:14:28 | INFO | C03 | Consumer executed successfully!
2026-05-28 10:14:28 | INFO | C03 | ========================
